Date,MID_SPREAD
2004-12-22,36.249985
2004-12-23,36.333
2004-12-27,36.3333
2004-12-28,36.3333
2004-12-29,36.5
2004-12-30,36.5
2004-12-31,36.5
2005-01-03,36.1875
2005-01-04,36.0
2005-01-05,37.0
2005-01-06,37.359375
2005-01-07,37.5
2005-01-10,37.5
2005-01-11,37.5
2005-01-12,37.0
2005-01-13,36.5
2005-01-14,36.5
2005-01-17,36.5
2005-01-18,37.23214286
2005-01-19,36.5
2005-01-20,36.5
2005-01-21,36.5
2005-01-24,36.5
2005-01-25,34.0
2005-01-26,33.5
2005-01-27,33.0
2005-01-28,33.0
2005-01-31,33.0
2005-02-01,32.0
2005-02-02,30.5
2005-02-03,31.5
2005-02-04,31.0
2005-02-07,30.5
2005-02-08,30.0
2005-02-09,30.5
2005-02-10,30.64583334
2005-02-11,30.0
2005-02-14,30.0
2005-02-15,30.0
2005-02-16,30.0
2005-02-17,30.0
2005-02-18,30.5
2005-02-21,30.25
2005-02-22,30.5
2005-02-23,30.5
2005-02-24,30.125
2005-02-25,29.5
2005-02-28,29.375
2005-03-01,29.25
2005-03-02,28.975
2005-03-03,27.875
2005-03-04,27.875
2005-03-07,27.75
2005-03-08,28.0
2005-03-09,29.0
2005-03-10,29.0
2005-03-11,28.5
2005-03-14,29.0
2005-03-15,29.375
2005-03-16,30.875
2005-03-17,31.0
2005-03-18,31.0
2005-03-22,36.5
2005-03-23,38.109375
2005-03-24,37.0
2005-03-29,37.344
2005-03-30,38.30555556
2005-03-31,39.75
2005-04-01,40.375
2005-04-04,43.25
2005-04-05,40.875
2005-04-06,38.875
2005-04-07,38.0
2005-04-08,37.5
2005-04-11,40.15909091
2005-04-12,40.0
2005-04-13,40.75
2005-04-14,42.625
2005-04-15,46.0
2005-04-18,47.5
2005-04-19,45.625
2005-04-20,42.0
2005-04-21,41.43055556
2005-04-22,41.5
2005-04-25,41.0
2005-04-26,41.5
2005-04-27,43.25
2005-04-28,43.25
2005-04-29,45.75
2005-05-03,45.2915
2005-05-04,43.875
2005-05-05,41.5
2005-05-06,44.5
2005-05-09,46.035
2005-05-10,50.25
2005-05-11,53.5
2005-05-12,52.75
2005-05-13,54.0415
2005-05-16,56.0
2005-05-17,59.0
2005-05-18,58.258
2005-05-19,51.0
2005-05-20,49.345
2005-05-23,47.0
2005-05-24,45.0
2005-05-25,46.125
2005-05-26,41.0
2005-05-27,43.0
2005-05-30,42.25
2005-05-31,43.047
2005-06-01,44.2915
2005-06-02,40.875
2005-06-03,39.5
2005-06-06,40.8625
2005-06-07,40.75
2005-06-08,40.7705
2005-06-09,42.453
2005-06-10,41.6605
2005-06-13,41.268
2005-06-14,40.4585
2005-06-15,38.5
2005-06-16,40.0
2005-06-17,39.5895
2005-06-20,39.8575
2005-06-21,39.25
2005-06-22,39.1665
2005-06-23,39.25
2005-06-24,40.3575
2005-06-27,42.6785
2005-06-28,41.875
2005-06-29,40.1965
2005-06-30,39.625
2005-07-01,39.5895
2005-07-04,39.4285
2005-07-05,38.875
2005-07-06,38.6605
2005-07-07,40.1785
2005-07-08,40.1075
2005-07-11,37.75
2005-07-12,37.0
2005-07-13,37.1665
2005-07-14,36.1455
2005-07-15,36.2295
2005-07-18,36.375
2005-07-19,36.5625
2005-07-20,36.771
2005-07-21,36.0
2005-07-22,36.125
2005-07-25,35.75
2005-07-26,36.172
2005-07-27,36.3035
2005-07-28,35.8035
2005-07-29,35.7705
2005-08-01,35.5
2005-08-02,35.6965
2005-08-03,35.75
2005-08-04,35.5
2005-08-05,36.607
2005-08-08,36.5
2005-08-09,36.9465
2005-08-10,36.25
2005-08-11,36.143
2005-08-12,35.75
2005-08-15,36.25
2005-08-16,35.5
2005-08-17,36.4285
2005-08-18,36.354
2005-08-19,35.75
2005-08-22,35.25
2005-08-23,35.25
2005-08-24,35.75
2005-08-25,36.0
2005-08-26,36.25
2005-08-29,36.25
2005-08-30,36.75
2005-08-31,36.75
2005-09-01,37.25
2005-09-02,37.25
2005-09-05,37.0
2005-09-06,36.25
2005-09-07,36.25
2005-09-08,36.0
2005-09-09,35.5
2005-09-12,35.5
2005-09-13,34.625
2005-09-14,34.4845
2005-09-15,34.2345
2005-09-16,34.75
2005-09-19,34.75
2005-09-20,38.75
2005-09-21,39.25
2005-09-22,39.5
2005-09-23,39.208
2005-09-26,38.125
2005-09-27,37.107
2005-09-28,36.9285
2005-09-29,36.75
2005-09-30,36.5
2005-10-03,36.3215
2005-10-04,35.8925
2005-10-05,36.275
2005-10-06,37.2705
2005-10-07,37.6785
2005-10-10,38.25
2005-10-11,38.0
2005-10-12,37.75
2005-10-13,38.75
2005-10-14,38.8625
2005-10-17,37.8625
2005-10-18,36.875
2005-10-19,37.25
2005-10-20,37.25
2005-10-21,37.7675
2005-10-24,37.7375
2005-10-25,37.445
2005-10-26,37.0
2005-10-27,37.5
2005-10-28,38.045
2005-10-31,37.0
2005-11-01,37.375
2005-11-02,37.2725
2005-11-03,36.5
2005-11-04,37.0
2005-11-07,37.45
2005-11-08,37.2625
2005-11-09,36.625
2005-11-10,37.0
2005-11-11,36.9555
2005-11-14,36.7335
2005-11-15,36.75
2005-11-16,36.7835
2005-11-17,37.139
2005-11-18,36.85
2005-11-21,36.0
2005-11-22,36.0
2005-11-23,36.25
2005-11-24,36.3055
2005-11-25,36.1485
2005-11-28,36.1115
2005-11-29,35.8055
2005-11-30,35.436
2005-12-01,35.02
2005-12-02,34.875
2005-12-05,35.175
2005-12-06,35.875
2005-12-07,35.75
2005-12-08,35.6
2005-12-09,35.5
2005-12-12,35.575
2005-12-13,35.25
2005-12-14,36.1
2005-12-15,36.0
2005-12-16,36.0
2005-12-19,35.7875
2005-12-20,35.75
2005-12-21,36.0
2005-12-22,36.75
2005-12-23,37.0835
2005-12-27,37.1665
2005-12-28,36.875
2005-12-29,36.875
2005-12-30,36.861
2006-01-03,36.25
2006-01-04,36.5125
2006-01-05,36.0695
2006-01-06,36.06
2006-01-09,36.0
2006-01-10,36.375
2006-01-11,36.2045
2006-01-12,36.25
2006-01-13,36.9195
2006-01-16,37.0
2006-01-17,37.0
2006-01-18,37.7195
2006-01-19,37.0
2006-01-20,36.25
2006-01-23,36.7695
2006-01-24,36.2845
2006-01-25,36.0
2006-01-26,35.9025
2006-01-27,35.939
2006-01-30,35.555
2006-01-31,35.25
2006-02-01,35.25
2006-02-02,35.25
2006-02-03,35.75
2006-02-06,35.875
2006-02-07,36.207
2006-02-08,36.4275
2006-02-09,36.25
2006-02-10,36.63
2006-02-13,37.0
2006-02-14,37.194
2006-02-15,37.0185
2006-02-16,36.8555
2006-02-17,36.25
2006-02-20,36.0
2006-02-21,36.0
2006-02-22,35.919
2006-02-23,35.75
2006-02-24,35.75
2006-02-27,35.6225
2006-02-28,35.75
2006-03-01,35.4555
2006-03-02,35.532
2006-03-03,35.25
2006-03-06,34.875
2006-03-07,35.0
2006-03-08,35.375
2006-03-09,35.128
2006-03-10,35.25
2006-03-13,35.0835
2006-03-14,34.5
2006-03-15,34.5
2006-03-16,34.17
2006-03-17,34.25
2006-03-20,33.875
2006-03-21,35.25
2006-03-22,35.5485
2006-03-23,35.125
2006-03-24,34.75
2006-03-27,34.5
2006-03-28,33.75
2006-03-29,33.9375
2006-03-30,33.535
2006-03-31,32.5
2006-04-03,31.5
2006-04-04,31.25
2006-04-05,30.25
2006-04-06,30.75
2006-04-07,32.0
2006-04-10,32.3785
2006-04-11,31.5
2006-04-12,31.791
2006-04-13,31.5
2006-04-18,31.125
2006-04-19,30.5
2006-04-20,29.5
2006-04-21,29.988
2006-04-24,29.25
2006-04-25,28.75
2006-04-26,29.615
2006-04-27,28.731
2006-04-28,27.5555
2006-05-02,26.75
2006-05-03,26.5
2006-05-04,27.3955
2006-05-05,27.88
2006-05-08,28.0
2006-05-09,28.6295
2006-05-10,28.0
2006-05-11,28.4205
2006-05-12,29.0
2006-05-15,29.5
2006-05-16,30.5
2006-05-17,31.25
2006-05-18,30.75
2006-05-19,30.75
2006-05-22,32.0
2006-05-23,31.75
2006-05-24,33.2405
2006-05-25,33.075
2006-05-26,30.75
2006-05-30,32.125
2006-05-31,32.125
2006-06-01,32.017
2006-06-02,31.0
2006-06-05,29.375
2006-06-06,27.0
2006-06-07,27.0
2006-06-08,32.5
2006-06-09,33.0
2006-06-12,33.125
2006-06-13,33.9985
2006-06-14,34.647
2006-06-15,33.75
2006-06-16,29.0
2006-06-19,31.5
2006-06-20,34.211
2006-06-21,33.5
2006-06-22,32.1465
2006-06-23,34.25
2006-06-26,35.422
2006-06-27,34.0
2006-06-28,33.0
2006-06-29,32.3905
2006-06-30,30.375
2006-07-03,30.0
2006-07-04,30.0695
2006-07-05,31.0
2006-07-06,30.25
2006-07-07,30.0
2006-07-10,30.1745
2006-07-11,30.4
2006-07-12,30.6665
2006-07-13,32.25
2006-07-14,33.5
2006-07-17,32.75
2006-07-18,32.25
2006-07-19,32.107
2006-07-20,31.0
2006-07-21,31.9645
2006-07-24,31.4485
2006-07-25,31.0
2006-07-26,31.5685
2006-07-27,30.5
2006-07-28,28.596
2006-07-31,30.4535
2006-08-01,28.0
2006-08-02,30.7365
2006-08-03,26.958
2006-08-04,30.38
2006-08-07,30.484
2006-08-08,23.0
2006-08-09,30.2395
2006-08-10,26.7965
2006-08-11,29.8735
2006-08-14,29.4725
2006-08-15,29.1275
2006-08-16,28.237
2006-08-17,27.81
2006-08-18,24.543
2006-08-21,24.544
2006-08-22,25.125
2006-08-23,25.75
2006-08-24,28.439
2006-08-25,28.2805
2006-08-29,25.75
2006-08-30,27.25
2006-08-31,27.267
2006-09-01,24.203
2006-09-04,23.918
2006-09-05,21.0
2006-09-06,27.471
2006-09-07,28.154
2006-09-08,27.5845
2006-09-11,27.0
2006-09-12,27.542
2006-09-13,27.167
2006-09-14,27.1095
2006-09-15,27.125
2006-09-18,23.0
2006-09-19,28.2945
2006-09-20,27.0
2006-09-21,29.9465
2006-09-22,28.0
2006-09-25,28.3355
2006-09-26,30.104
2006-09-27,29.819
2006-09-28,30.1745
2006-09-29,30.205
2006-10-02,28.75
2006-10-03,29.9745
2006-10-04,29.1935
2006-10-05,28.625
2006-10-06,29.18
2006-10-09,29.1205
2006-10-10,28.705
2006-10-11,28.5
2006-10-12,28.11
2006-10-13,24.0
2006-10-16,27.78
2006-10-17,27.75
2006-10-18,27.63
2006-10-19,27.0
2006-10-20,27.16
2006-10-23,26.875
2006-10-24,27.0
2006-10-25,26.375
2006-10-26,25.4105
2006-10-27,24.125
2006-10-30,24.1595
2006-10-31,24.0
2006-11-01,23.5
2006-11-02,22.9695
2006-11-03,22.5
2006-11-06,22.8945
2006-11-07,22.25
2006-11-08,24.314
2006-11-09,24.0275
2006-11-10,24.5
2006-11-13,24.5
2006-11-14,22.0
2006-11-15,25.0125
2006-11-16,24.38
2006-11-17,24.125
2006-11-20,24.15
2006-11-21,24.199
2006-11-22,23.75
2006-11-23,24.24
2006-11-24,24.59
2006-11-27,25.1
2006-11-28,25.645
2006-11-29,24.69
2006-11-30,24.54
2006-12-01,24.46
2006-12-04,24.51
2006-12-05,24.605
2006-12-06,24.67
2006-12-07,24.465
2006-12-08,24.46
2006-12-11,24.3
2006-12-12,24.185
2006-12-13,23.665
2006-12-14,23.6
2006-12-15,23.56
2006-12-18,23.5
2006-12-19,23.793
2006-12-20,23.65
2006-12-21,23.745
2006-12-22,23.865
2006-12-27,23.74
2006-12-28,23.595
2006-12-29,23.825
2007-01-02,22.7965
2007-01-03,22.94
2007-01-04,23.25
2007-01-05,23.88
2007-01-08,23.95
2007-01-09,23.8605
2007-01-10,23.75
2007-01-11,23.577
2007-01-12,23.8
2007-01-15,23.6
2007-01-16,23.0
2007-01-17,23.5005
2007-01-18,22.75
2007-01-19,23.03
2007-01-22,22.5
2007-01-23,22.75
2007-01-24,22.75
2007-01-25,22.81
2007-01-26,22.63
2007-01-29,22.75
2007-01-30,23.0
2007-01-31,23.46
2007-02-01,22.75
2007-02-02,22.8205
2007-02-05,23.075
2007-02-06,22.84
2007-02-07,22.605
2007-02-08,22.81
2007-02-09,22.58
2007-02-12,22.81
2007-02-13,22.5
2007-02-14,22.775
2007-02-15,22.0
2007-02-16,22.75
2007-02-19,22.5
2007-02-20,22.515
2007-02-21,22.06
2007-02-22,20.96
2007-02-23,20.7995
2007-02-26,21.09
2007-02-27,21.5
2007-02-28,22.88
2007-03-01,23.19
2007-03-02,23.7805
2007-03-05,25.37
2007-03-06,24.66
2007-03-07,23.755
2007-03-08,22.585
2007-03-09,22.605
2007-03-12,23.1
2007-03-13,24.625
2007-03-14,25.0
2007-03-15,24.75
2007-03-16,25.25
2007-03-19,24.0
2007-03-20,26.1595
2007-03-21,25.56
2007-03-22,24.3725
2007-03-23,24.1975
2007-03-26,22.835
2007-03-27,24.0
2007-03-28,22.8
2007-03-29,24.0
2007-03-30,22.69
2007-04-02,24.5
2007-04-03,24.25
2007-04-04,24.59
2007-04-05,24.725
2007-04-10,24.66
2007-04-11,23.26
2007-04-12,23.75
2007-04-13,23.625
2007-04-16,23.3635
2007-04-17,23.073
2007-04-18,22.75
2007-04-19,21.51
2007-04-20,22.6565
2007-04-23,22.5005
2007-04-24,22.517
2007-04-25,22.51
2007-04-26,22.21
2007-04-27,23.015
2007-04-30,22.975
2007-05-01,23.094
2007-05-02,22.55
2007-05-03,22.73
2007-05-04,22.69
2007-05-07,20.65
2007-05-08,22.75
2007-05-09,22.75
2007-05-10,22.25
2007-05-11,22.5935
2007-05-14,22.45
2007-05-15,22.3435
2007-05-16,22.2185
2007-05-17,21.75
2007-05-18,21.7315
2007-05-21,21.25
2007-05-22,21.304
2007-05-23,20.9095
2007-05-24,20.5
2007-05-25,20.625
2007-05-29,20.469
2007-05-30,20.6875
2007-05-31,20.4065
2007-06-01,20.125
2007-06-04,20.146
2007-06-05,20.0
2007-06-06,20.75
2007-06-07,19.71
2007-06-08,22.0155
2007-06-11,21.375
2007-06-12,21.375
2007-06-13,21.75
2007-06-14,21.1565
2007-06-15,20.6565
2007-06-18,20.552
2007-06-19,20.75
2007-06-20,20.75
2007-06-21,22.25
2007-06-22,22.0
2007-06-25,24.38
2007-06-26,23.25
2007-06-27,24.5
2007-06-28,24.5625
2007-06-29,24.5925
2007-07-02,26.375
2007-07-03,25.25
2007-07-04,24.9375
2007-07-05,25.0
2007-07-06,25.75
2007-07-09,26.034
2007-07-10,28.25
2007-07-11,31.0
2007-07-12,30.5795
2007-07-13,29.003
2007-07-16,28.0315
2007-07-17,29.75
2007-07-18,32.0535
2007-07-19,32.032
2007-07-20,34.25
2007-07-23,37.197
2007-07-24,37.025
2007-07-25,35.75
2007-07-26,43.5
2007-07-27,52.829
2007-07-30,68.202
2007-07-31,50.0
2007-08-01,55.0
2007-08-02,49.5
2007-08-03,55.9975
2007-08-06,57.0
2007-08-07,53.325
2007-08-08,44.023
2007-08-09,41.0
2007-08-10,50.622
2007-08-13,47.575
2007-08-14,53.995
2007-08-15,52.0
2007-08-16,57.1665
2007-08-17,51.595
2007-08-20,47.228
2007-08-21,49.072
2007-08-22,45.125
2007-08-23,42.0625
2007-08-24,42.575
2007-08-27,35.85
2007-08-28,42.25
2007-08-29,46.3345
2007-08-30,47.5
2007-08-31,45.989
2007-09-03,45.575
2007-09-04,44.245
2007-09-05,47.175
2007-09-06,48.8085
2007-09-07,52.534
2007-09-10,53.75
2007-09-11,55.5
2007-09-12,53.2065
2007-09-13,48.75
2007-09-14,47.9
2007-09-17,46.0
2007-09-18,43.67
2007-09-19,37.25
2007-09-20,37.29
2007-09-21,33.5
2007-09-24,34.4345
2007-09-25,33.5
2007-09-26,34.0
2007-09-27,35.481
2007-09-28,37.85
2007-10-01,37.95
2007-10-02,34.75
2007-10-03,35.239
2007-10-04,33.975
2007-10-05,33.1855
2007-10-08,32.375
2007-10-09,32.0715
2007-10-10,30.7935
2007-10-11,29.1005
2007-10-12,29.4445
2007-10-15,29.4065
2007-10-16,31.63
2007-10-17,32.5
2007-10-18,33.46
2007-10-19,38.125
2007-10-22,38.6875
2007-10-23,36.4585
2007-10-24,37.0
2007-10-25,36.0
2007-10-26,37.5
2007-10-29,37.0
2007-10-30,37.425
2007-10-31,34.955
2007-11-01,41.0
2007-11-02,42.975
2007-11-05,46.0
2007-11-06,43.875
2007-11-07,45.0
2007-11-08,50.0
2007-11-09,52.575
2007-11-12,54.925
2007-11-13,55.25
2007-11-14,49.2715
2007-11-15,51.0
2007-11-16,54.04
2007-11-19,57.0
2007-11-20,56.5
2007-11-21,62.75
2007-11-22,62.188
2007-11-23,59.8125
2007-11-26,57.74
2007-11-27,59.017
2007-11-28,55.916
2007-11-29,56.01
2007-11-30,50.5
2007-12-03,53.965
2007-12-04,56.5
2007-12-05,55.5
2007-12-06,56.7315
2007-12-07,54.509
2007-12-10,53.25
2007-12-11,51.0
2007-12-12,50.199
2007-12-13,52.0
2007-12-14,49.235
2007-12-17,53.0
2007-12-18,52.5
2007-12-19,51.88
2007-12-20,52.48
2007-12-21,50.984
2007-12-24,47.285
2007-12-27,49.975
2007-12-28,47.515
2007-12-31,50.255
2008-01-02,51.322
2008-01-03,55.98
2008-01-04,60.864
2008-01-07,61.82
2008-01-08,61.245
2008-01-09,66.0
2008-01-10,66.625
2008-01-11,64.39
2008-01-14,68.0
2008-01-15,66.5
2008-01-16,69.0
2008-01-17,71.075
2008-01-18,70.98
2008-01-21,82.0
2008-01-22,82.5
2008-01-23,82.0
2008-01-24,75.45
2008-01-25,69.125
2008-01-28,75.0
2008-01-29,70.75
2008-01-30,73.0
2008-01-31,77.25
2008-02-01,78.15
2008-02-04,78.96
2008-02-05,86.05
2008-02-06,90.0
2008-02-07,90.3
2008-02-08,94.25
2008-02-11,103.0
2008-02-12,105.063
2008-02-13,102.7
2008-02-14,101.15
2008-02-15,109.091
2008-02-18,108.665
2008-02-19,109.0
2008-02-20,125.0
2008-02-21,123.75
2008-02-22,119.0
2008-02-25,118.75
2008-02-26,101.5
2008-02-27,104.535
2008-02-28,110.005
2008-02-29,127.345
2008-03-03,129.725
2008-03-04,130.275
2008-03-05,126.29
2008-03-06,139.125
2008-03-07,150.25
2008-03-10,154.5245
2008-03-11,153.9985
2008-03-12,146.0
2008-03-13,159.25
2008-03-14,157.73
2008-03-17,166.0
2008-03-18,142.375
2008-03-19,122.35
2008-03-20,132.615
2008-03-25,108.75
2008-03-26,114.12
2008-03-27,112.65
2008-03-28,116.715
2008-03-31,119.715
2008-04-01,118.5
2008-04-02,101.502
2008-04-03,96.75
2008-04-04,89.8
2008-04-07,85.25
2008-04-08,94.7895
2008-04-09,103.1865
2008-04-10,105.0
2008-04-11,102.77
2008-04-14,109.8125
2008-04-15,104.0
2008-04-16,97.23
2008-04-17,88.81
2008-04-18,81.06
2008-04-21,86.3705
2008-04-22,82.385
2008-04-23,84.0
2008-04-24,82.285
2008-04-25,76.86
2008-04-28,72.51
2008-04-29,75.0
2008-04-30,77.75
2008-05-01,68.545
2008-05-02,64.5
2008-05-06,67.35
2008-05-07,73.25
2008-05-08,79.75
2008-05-09,79.5
2008-05-12,77.155
2008-05-13,74.75
2008-05-14,72.085
2008-05-15,71.5
2008-05-16,67.908
2008-05-19,64.875
2008-05-20,70.775
2008-05-21,74.8
2008-05-22,75.99
2008-05-23,86.15
2008-05-27,83.925
2008-05-28,79.975
2008-05-29,76.96
2008-05-30,77.0315
2008-06-02,79.535
2008-06-03,82.705
2008-06-04,87.75
2008-06-05,84.469
2008-06-06,87.8685
2008-06-09,90.1565
2008-06-10,92.5
2008-06-11,92.5
2008-06-12,90.48
2008-06-13,83.05
2008-06-16,81.4
2008-06-17,79.26
2008-06-18,84.0
2008-06-19,87.955
2008-06-20,93.0
2008-06-23,90.645
2008-06-24,94.735
2008-06-25,94.6
2008-06-26,103.0
2008-06-27,107.625
2008-06-30,101.25
2008-07-01,103.979
2008-07-02,105.0
2008-07-03,109.6505
2008-07-04,104.0
2008-07-07,104.77
2008-07-08,109.0
2008-07-09,100.15
2008-07-10,104.75
2008-07-11,101.37
2008-07-14,100.0
2008-07-15,103.75
2008-07-16,102.79
2008-07-17,97.0
2008-07-18,100.0
2008-07-21,94.19
2008-07-22,96.46
2008-07-23,91.205
2008-07-24,91.05
2008-07-25,93.75
2008-07-28,89.625
2008-07-29,90.0625
2008-07-30,88.125
2008-07-31,87.75
2008-08-01,92.025
2008-08-04,96.0
2008-08-05,93.0005
2008-08-06,94.1425
2008-08-07,95.5
2008-08-08,96.344
2008-08-11,92.8655
2008-08-12,92.25
2008-08-13,94.75
2008-08-14,94.75
2008-08-15,92.2505
2008-08-18,92.245
2008-08-19,97.285
2008-08-20,98.0
2008-08-21,100.75
2008-08-22,97.31
2008-08-26,100.595
2008-08-27,102.02
2008-08-28,101.295
2008-08-29,99.18
2008-09-01,100.65
2008-09-02,97.67
2008-09-03,99.805
2008-09-04,103.865
2008-09-05,106.255
2008-09-08,98.185
2008-09-09,101.27
2008-09-10,99.5
2008-09-11,103.25
2008-09-12,100.5
2008-09-15,138.0
2008-09-16,155.0
2008-09-17,143.0
2008-09-18,132.02
2008-09-19,113.0
2008-09-22,103.75
2008-09-23,110.78
2008-09-24,115.025
2008-09-25,108.0
2008-09-26,115.875
2008-09-29,123.155
2008-09-30,120.185
2008-10-01,124.0
2008-10-02,124.53
2008-10-03,128.55
2008-10-06,134.735
2008-10-07,123.25
2008-10-08,124.5
2008-10-09,128.125
2008-10-10,145.0
2008-10-13,129.0
2008-10-14,123.0
2008-10-15,133.5
2008-10-16,136.71
2008-10-17,142.39
2008-10-20,144.435
2008-10-21,139.975
2008-10-22,149.125
2008-10-23,161.555
2008-10-24,171.0
2008-10-27,178.35
2008-10-28,169.915
2008-10-29,158.635
2008-10-30,151.15
2008-10-31,152.47
2008-11-03,145.63
2008-11-04,135.77
2008-11-05,131.885
2008-11-06,141.005
2008-11-07,138.0
2008-11-10,132.485
2008-11-11,143.775
2008-11-12,156.435
2008-11-13,157.575
2008-11-14,150.0
2008-11-17,156.67
2008-11-18,163.0
2008-11-19,173.15
2008-11-20,185.07
2008-11-21,182.085
2008-11-24,172.915
2008-11-25,160.385
2008-11-26,162.0
2008-11-27,161.6
2008-11-28,166.815
2008-12-01,183.71
2008-12-02,190.22
2008-12-03,192.5
2008-12-04,203.585
2008-12-05,217.635
2008-12-08,199.5
2008-12-09,192.085
2008-12-10,197.065
2008-12-11,195.665
2008-12-12,207.465
2008-12-15,205.555
2008-12-16,200.035
2008-12-17,187.815
2008-12-18,181.63
2008-12-19,186.875
2008-12-22,182.79
2008-12-23,180.67
2008-12-24,182.335
2008-12-29,180.75
2008-12-30,177.07
2009-01-02,180.775
2009-01-05,177.62
2009-01-06,167.435
2009-01-07,157.0
2009-01-08,163.775
2009-01-09,156.625
2009-01-12,161.68
2009-01-13,169.0
2009-01-14,174.65
2009-01-15,169.0
2009-01-16,163.0
2009-01-19,161.0
2009-01-20,171.5
2009-01-21,173.0
2009-01-22,167.975
2009-01-23,172.35
2009-01-26,169.0
2009-01-27,159.25
2009-01-28,153.58
2009-01-29,156.95
2009-01-30,157.0
2009-02-02,165.025
2009-02-03,160.76
2009-02-04,155.725
2009-02-05,156.315
2009-02-06,150.38
2009-02-09,144.845
2009-02-10,146.095
2009-02-11,148.95
2009-02-12,155.0
2009-02-13,154.0
2009-02-16,161.0
2009-02-17,174.0
2009-02-18,172.085
2009-02-19,167.75
2009-02-20,177.455
2009-02-23,180.41
2009-02-24,184.52
2009-02-25,179.14
2009-02-26,175.0
2009-02-27,179.535
2009-03-02,189.3
2009-03-03,198.0
2009-03-04,193.335
2009-03-05,200.5
2009-03-06,209.0
2009-03-09,208.695
2009-03-10,204.0
2009-03-11,192.415
2009-03-12,196.55
2009-03-13,193.18
2009-03-16,181.5
2009-03-17,189.065
2009-03-18,193.375
2009-03-19,178.0
2009-03-20,175.355
2009-03-23,162.78
2009-03-24,159.83
2009-03-25,158.0
2009-03-26,160.4
2009-03-27,164.41
2009-03-30,171.505
2009-03-31,172.94
2009-04-01,179.15
2009-04-02,169.25
2009-04-03,166.86
2009-04-06,172.5
2009-04-07,172.0
2009-04-08,178.0
2009-04-09,158.5
2009-04-14,163.5
2009-04-15,162.25
2009-04-16,157.0
2009-04-17,148.27
2009-04-20,154.71
2009-04-21,162.0
2009-04-22,155.665
2009-04-23,147.5
2009-04-24,151.19
2009-04-27,154.0
2009-04-28,156.5
2009-04-29,155.5
2009-04-30,152.5
2009-05-01,147.0
2009-05-04,153.0
2009-05-05,153.5
2009-05-06,148.0
2009-05-07,128.145
2009-05-08,142.0
2009-05-11,130.0
2009-05-12,137.5
2009-05-13,132.25
2009-05-14,129.375
2009-05-15,118.0
2009-05-18,136.0
2009-05-19,129.0
2009-05-20,120.5
2009-05-21,127.57
2009-05-22,124.665
2009-05-25,140.0
2009-05-26,123.805
2009-05-27,123.0
2009-05-28,125.0
2009-05-29,121.25
2009-06-01,113.335
2009-06-02,105.455
2009-06-03,109.25
2009-06-04,107.39
2009-06-05,102.0
2009-06-08,105.5
2009-06-09,106.5
2009-06-10,104.665
2009-06-11,108.5
2009-06-12,108.25
2009-06-15,115.75
2009-06-16,117.085
2009-06-17,123.0
2009-06-18,122.405
2009-06-19,120.0
2009-06-22,126.75
2009-06-23,130.5
2009-06-24,124.04
2009-06-25,120.0
2009-06-26,120.54
2009-06-29,123.0
2009-06-30,111.5
2009-07-01,110.0
2009-07-02,114.625
2009-07-03,114.465
2009-07-06,117.95
2009-07-07,118.745
2009-07-08,123.75
2009-07-09,120.5
2009-07-10,120.25
2009-07-13,123.14
2009-07-14,117.865
2009-07-15,111.46
2009-07-16,112.795
2009-07-17,107.135
2009-07-20,103.255
2009-07-21,99.655
2009-07-22,101.5
2009-07-23,94.5
2009-07-24,94.815
2009-07-27,91.445
2009-07-28,94.5
2009-07-29,94.25
2009-07-30,87.625
2009-07-31,88.24
2009-08-03,89.25
2009-08-04,90.69
2009-08-05,91.625
2009-08-06,89.855
2009-08-07,86.75
2009-08-10,85.045
2009-08-11,90.0
2009-08-12,92.195
2009-08-13,92.0
2009-08-14,93.975
2009-08-17,99.31
2009-08-18,98.25
2009-08-19,102.0
2009-08-20,98.5
2009-08-21,91.5
2009-08-24,88.0
2009-08-25,89.665
2009-08-26,91.5
2009-08-27,92.335
2009-08-28,91.0
2009-09-01,95.685
2009-09-02,98.0
2009-09-03,99.0
2009-09-04,97.375
2009-09-07,94.22
2009-09-08,93.0
2009-09-09,88.33
2009-09-10,86.5
2009-09-11,84.815
2009-09-14,87.75
2009-09-15,86.075
2009-09-16,82.51
2009-09-17,82.5
2009-09-18,88.0
2009-09-21,84.5
2009-09-22,79.0
2009-09-23,79.0
2009-09-24,81.25
2009-09-28,84.75
2009-09-29,84.5
2009-09-30,87.625
2009-10-01,92.755
2009-10-02,98.5
2009-10-05,92.055
2009-10-06,88.55
2009-10-07,88.5
2009-10-08,90.685
2009-10-09,90.09
2009-10-12,87.25
2009-10-13,86.78
2009-10-14,82.75
2009-10-15,82.0
2009-10-16,85.25
2009-10-19,83.575
2009-10-20,83.5
2009-10-21,83.0
2009-10-22,85.5
2009-10-23,83.225
2009-10-26,84.0
2009-10-27,85.0
2009-10-28,90.0
2009-10-29,85.875
2009-10-30,88.5
2009-11-02,88.0
2009-11-03,91.0
2009-11-04,87.16
2009-11-05,86.72
2009-11-06,86.99
2009-11-09,83.5
2009-11-10,83.75
2009-11-11,82.88
2009-11-12,85.0
2009-11-13,84.595
2009-11-16,82.125
2009-11-17,83.75
2009-11-18,83.0
2009-11-20,85.0
2009-11-23,83.25
2009-11-24,84.75
2009-11-25,83.75
2009-11-26,86.75
2009-11-27,91.0
2009-11-30,89.3
2009-12-01,84.565
2009-12-02,85.5
2009-12-03,82.635
2009-12-04,81.0
2009-12-07,80.75
2009-12-08,80.75
2009-12-09,84.105
2009-12-10,83.0
2009-12-11,81.75
2009-12-14,80.0
2009-12-15,81.0
2009-12-16,79.0
2009-12-17,82.5
2009-12-18,79.5
2009-12-21,76.75
2009-12-22,75.5
2009-12-23,74.415
2009-12-24,73.92
2009-12-29,72.525
2009-12-30,73.52
2009-12-31,73.19
2010-01-04,70.0
2010-01-05,71.0
2010-01-06,68.5
2010-01-07,68.0
2010-01-08,67.43
2010-01-11,65.5
2010-01-12,66.25
2010-01-13,69.0
2010-01-14,71.5
2010-01-15,74.75
2010-01-18,72.5
2010-01-19,75.75
2010-01-20,78.5
2010-01-21,81.0
2010-01-22,81.5
2010-01-25,83.25
2010-01-26,84.25
2010-01-27,82.5
2010-01-28,84.5
2010-01-29,81.5
2010-02-01,82.5
2010-02-02,81.0
2010-02-03,80.25
2010-02-04,86.0
2010-02-05,91.0
2010-02-08,95.5
2010-02-09,89.0
2010-02-10,87.5
2010-02-11,87.25
2010-02-12,91.0
2010-02-15,92.75
2010-02-16,91.25
2010-02-17,88.0
2010-02-18,83.725
2010-02-19,80.825
2010-02-22,83.53
2010-02-23,86.25
2010-02-24,86.25
2010-02-25,88.625
2010-02-26,81.5875
2010-03-01,83.0
2010-03-02,81.625
2010-03-03,82.95
2010-03-04,81.25
2010-03-05,77.625
2010-03-08,71.3875
2010-03-09,72.0125
2010-03-10,72.6565
2010-03-11,73.2
2010-03-12,72.0185
2010-03-15,74.3435
2010-03-16,78.6125
2010-03-17,70.3
2010-03-18,76.0
2010-03-19,78.425
2010-03-22,82.785
2010-03-23,79.25
2010-03-24,78.25
2010-03-25,78.5
2010-03-26,81.65
2010-03-29,77.625
2010-03-30,73.975
2010-03-31,82.3
2010-04-01,77.625
2010-04-06,80.1875
2010-04-07,79.3755
2010-04-08,82.625
2010-04-09,76.65
2010-04-12,77.25
2010-04-13,75.75
2010-04-14,79.55
2010-04-15,76.5
2010-04-16,82.0
2010-04-19,83.875
2010-04-20,79.625
2010-04-21,84.1685
2010-04-22,87.005
2010-04-23,88.5315
2010-04-26,88.875
2010-04-27,98.1375
2010-04-28,98.625
2010-04-29,86.1375
2010-04-30,87.625
2010-05-04,102.5125
2010-05-05,100.7
2010-05-06,120.5
2010-05-07,140.0
2010-05-10,97.4
2010-05-11,99.625
2010-05-12,93.45
2010-05-13,98.438
2010-05-14,103.25
2010-05-17,116.7315
2010-05-18,110.375
2010-05-19,115.4
2010-05-20,133.35
2010-05-21,120.75
2010-05-24,119.0
2010-05-25,133.2375
2010-05-26,123.5
2010-05-27,112.35
2010-05-28,122.25
2010-06-01,119.938
2010-06-02,123.5
2010-06-03,124.5
2010-06-04,126.625
2010-06-07,129.45
2010-06-08,135.65
2010-06-09,141.75
2010-06-10,133.1245
2010-06-11,127.5
2010-06-14,126.25
2010-06-15,134.2
2010-06-16,127.3755
2010-06-17,122.0
2010-06-18,116.5
2010-06-21,113.0
2010-06-22,120.938
2010-06-23,129.475
2010-06-24,122.575
2010-06-25,131.625
2010-06-28,124.5
2010-06-29,128.5
2010-06-30,128.625
2010-07-01,136.025
2010-07-02,129.413
2010-07-05,128.938
2010-07-06,125.125
2010-07-07,128.7375
2010-07-08,116.0
2010-07-09,113.75
2010-07-12,117.2
2010-07-13,119.675
2010-07-14,113.0005
2010-07-15,114.95
2010-07-16,120.313
2010-07-19,120.625
2010-07-20,117.5
2010-07-21,115.5
2010-07-22,119.4375
2010-07-23,111.625
2010-07-26,105.063
2010-07-27,108.2625
2010-07-28,108.675
2010-07-29,100.325
2010-07-30,109.9875
2010-08-02,95.4
2010-08-03,93.325
2010-08-04,98.75
2010-08-05,101.375
2010-08-06,102.875
2010-08-09,107.625
2010-08-10,105.125
2010-08-11,116.55
2010-08-12,116.325
2010-08-13,110.175
2010-08-16,115.0
2010-08-17,109.5
2010-08-18,109.25
2010-08-19,110.5
2010-08-20,118.675
2010-08-23,111.2425
2010-08-24,117.125
2010-08-25,118.5
2010-08-26,117.75
2010-08-27,119.25
2010-08-30,116.5
2010-08-31,118.75
2010-09-01,112.125
2010-09-02,109.125
2010-09-03,105.5
2010-09-06,103.75
2010-09-07,109.5265
2010-09-08,108.375
2010-09-09,106.25
2010-09-10,100.975
2010-09-13,102.75
2010-09-14,100.225
2010-09-15,106.0
2010-09-16,102.5625
2010-09-17,106.985
2010-09-20,111.0
2010-09-21,108.5
2010-09-22,114.075
2010-09-23,115.75
2010-09-24,113.0
2010-09-27,114.0
2010-09-28,115.5
2010-09-29,112.25
2010-09-30,109.0
2010-10-01,110.0
2010-10-04,108.0
2010-10-05,105.75
2010-10-06,101.0
2010-10-07,103.0
2010-10-08,102.0
2010-10-11,98.27
2010-10-12,102.5
2010-10-13,96.0
2010-10-14,100.5
2010-10-15,102.25
2010-10-18,102.25
2010-10-19,101.5
2010-10-20,100.5
2010-10-21,99.0
2010-10-22,99.0
2010-10-25,95.5
2010-10-26,95.25
2010-10-27,101.875
2010-10-28,98.25
2010-10-29,98.015
2010-11-01,98.09
2010-11-02,98.0
2010-11-03,98.0
2010-11-04,94.5
2010-11-05,98.5
2010-11-08,101.0
2010-11-09,99.0
2010-11-10,102.0
2010-11-11,109.25
2010-11-12,102.0
2010-11-15,100.5
2010-11-16,104.5
2010-11-17,101.5
2010-11-18,99.5
2010-11-19,101.0
2010-11-22,104.0
2010-11-23,108.0
2010-11-24,106.0
2010-11-25,107.575
2010-11-26,110.0
2010-11-29,114.75
2010-11-30,115.0
2010-12-01,109.25
2010-12-02,106.25
2010-12-03,107.25
2010-12-06,107.5
2010-12-07,102.0
2010-12-08,105.675
2010-12-09,107.0
2010-12-10,107.33
2010-12-13,105.58
2010-12-14,105.5
2010-12-15,104.5
2010-12-16,104.61
2010-12-17,106.02
2010-12-20,106.64
2010-12-21,106.5
2010-12-22,104.56
2010-12-23,106.125
2010-12-24,105.935
2010-12-29,105.47
2010-12-30,104.715
2010-12-31,104.6055
2011-01-04,100.25
2011-01-05,101.19
2011-01-06,103.0
2011-01-07,108.75
2011-01-10,117.0
2011-01-11,110.0
2011-01-12,105.75
2011-01-13,105.0
2011-01-14,103.5
2011-01-17,103.75
2011-01-18,104.0
2011-01-19,102.5
2011-01-20,103.0
2011-01-21,99.67
2011-01-24,94.75
2011-01-25,98.25
2011-01-26,95.0
2011-01-27,100.0
2011-01-28,100.75
2011-01-31,100.0
2011-02-01,95.375
2011-02-02,95.5
2011-02-03,97.565
2011-02-04,96.0
2011-02-07,96.425
2011-02-08,94.5
2011-02-09,96.0
2011-02-10,97.3325
2011-02-11,96.25
2011-02-14,97.83
2011-02-15,97.5
2011-02-16,96.75
2011-02-17,95.0
2011-02-18,96.125
2011-02-21,98.685
2011-02-22,101.25
2011-02-23,105.063
2011-02-24,102.625
2011-02-25,98.985
2011-02-28,97.89
2011-03-01,99.5
2011-03-02,99.66
2011-03-03,99.75
2011-03-04,99.735
2011-03-07,102.5
2011-03-08,100.5
2011-03-09,102.0
2011-03-10,103.0
2011-03-11,104.235
2011-03-14,100.5
2011-03-15,105.75
2011-03-16,115.0
2011-03-17,104.25
2011-03-18,99.75
2011-03-21,101.5
2011-03-22,103.875
2011-03-23,103.935
2011-03-24,103.0
2011-03-25,102.44
2011-03-28,101.0
2011-03-29,101.0
2011-03-30,102.485
2011-03-31,103.0
2011-04-01,98.25
2011-04-04,97.125
2011-04-05,98.0
2011-04-06,95.625
2011-04-07,95.7
2011-04-08,93.5
2011-04-11,94.25
2011-04-12,97.0
2011-04-13,96.5
2011-04-14,96.0
2011-04-15,98.0
2011-04-18,102.0
2011-04-19,101.0
2011-04-20,99.0
2011-04-21,98.33
2011-04-26,99.75
2011-04-27,97.0
2011-04-28,96.0
2011-05-03,96.5
2011-05-04,96.75
2011-05-05,97.3475
2011-05-06,95.5
2011-05-09,98.5
2011-05-10,98.25
2011-05-11,96.25
2011-05-12,98.5
2011-05-13,96.455
2011-05-16,97.5
2011-05-17,97.0
2011-05-18,97.5
2011-05-19,98.25
2011-05-20,100.25
2011-05-23,105.0
2011-05-24,102.25
2011-05-25,102.5
2011-05-26,101.0
2011-05-27,104.5
2011-05-31,101.75
2011-06-01,103.0
2011-06-02,104.5
2011-06-03,103.75
2011-06-06,103.75
2011-06-07,103.0
2011-06-08,106.0
2011-06-09,106.0
2011-06-10,107.9
2011-06-13,109.76
2011-06-14,107.5
2011-06-15,111.25
2011-06-16,112.5
2011-06-17,113.25
2011-06-20,111.5
2011-06-21,107.5
2011-06-22,109.9325
2011-06-23,115.875
2011-06-24,115.25
2011-06-27,115.25
2011-06-28,114.0
2011-06-29,110.5
2011-06-30,103.4815
2011-07-01,104.5
2011-07-04,102.25
2011-07-05,105.28
2011-07-06,108.975
2011-07-07,108.07
2011-07-08,113.125
2011-07-11,118.5
2011-07-12,119.75
2011-07-13,117.5
2011-07-14,122.35
2011-07-15,123.25
2011-07-18,123.625
2011-07-19,123.7815
2011-07-20,117.7625
2011-07-21,115.375
2011-07-22,110.9775
2011-07-25,115.095
2011-07-26,113.375
2011-07-27,115.75
2011-07-28,114.625
2011-07-29,116.58
2011-08-01,117.5
2011-08-02,123.75
2011-08-03,127.1355
2011-08-04,132.5
2011-08-05,136.75
2011-08-08,138.7985
2011-08-09,141.75
2011-08-10,147.0
2011-08-11,155.0435
2011-08-12,150.625
2011-08-15,142.0
2011-08-16,143.5
2011-08-17,142.5
2011-08-18,152.5
2011-08-19,158.5
2011-08-22,165.0
2011-08-23,165.5
2011-08-24,171.0
2011-08-25,168.75
2011-08-26,167.5
2011-08-30,161.25
2011-08-31,152.75
2011-09-01,150.0
2011-09-02,161.8625
2011-09-05,179.92
2011-09-06,183.5
2011-09-07,174.5
2011-09-08,177.35
2011-09-09,187.875
2011-09-12,197.96
2011-09-13,189.25
2011-09-14,184.0
2011-09-15,137.5
2011-09-16,175.6
2011-09-19,186.82
2011-09-20,184.5
2011-09-21,183.0
2011-09-22,197.5
2011-09-23,199.0
2011-09-26,197.59
2011-09-27,189.0
2011-09-28,193.0
2011-09-29,192.0
2011-09-30,201.0
2011-10-03,205.5
2011-10-04,206.4125
2011-10-05,200.2435
2011-10-06,190.25
2011-10-07,190.5
2011-10-10,177.5
2011-10-11,179.375
2011-10-12,169.4375
2011-10-13,177.5
2011-10-14,173.0
2011-10-17,175.25
2011-10-18,180.3
2011-10-19,178.6125
2011-10-20,183.5
2011-10-21,175.5
2011-10-24,172.0875
2011-10-25,177.0565
2011-10-26,174.5
2011-10-27,152.5
2011-10-28,148.625
2011-10-31,160.7125
2011-11-01,184.25
2011-11-02,178.0
2011-11-03,168.1
2011-11-04,174.0155
2011-11-07,178.8375
2011-11-08,173.5
2011-11-09,184.0
2011-11-10,184.5
2011-11-11,175.0
2011-11-14,183.25
2011-11-15,189.0
2011-11-16,183.7505
2011-11-17,189.0
2011-11-18,188.4375
2011-11-21,195.0
2011-11-22,195.0
2011-11-23,201.775
2011-11-24,209.1
2011-11-25,210.5
2011-11-28,196.025
2011-11-29,197.5
2011-11-30,184.75
2011-12-01,181.0
2011-12-02,174.5
2011-12-05,171.225
2011-12-06,172.6185
2011-12-07,166.985
2011-12-08,174.2505
2011-12-09,178.4125
2011-12-12,185.025
2011-12-13,183.25
2011-12-14,187.97
2011-12-15,187.5
2011-12-16,182.3435
2011-12-19,188.0
2011-12-20,179.75
2011-12-21,176.025
2011-12-22,175.1
2011-12-23,172.15
2011-12-28,171.5
2011-12-29,172.81
2011-12-30,173.38
2012-01-03,168.25
2012-01-04,171.75
2012-01-05,177.625
2012-01-06,181.425
2012-01-09,184.0
2012-01-10,174.75
2012-01-11,176.0
2012-01-12,171.855
2012-01-13,170.85
2012-01-16,165.9875
2012-01-17,164.0
2012-01-18,158.7
2012-01-19,153.0
2012-01-20,155.3375
2012-01-23,150.75
2012-01-24,151.0
2012-01-25,150.0
2012-01-26,143.5005
2012-01-27,141.5
2012-01-30,146.875
2012-01-31,145.0375
2012-02-01,136.8
2012-02-02,134.5
2012-02-03,129.5005
2012-02-06,127.75
2012-02-07,126.825
2012-02-08,131.4875
2012-02-09,129.71
2012-02-10,134.7645
2012-02-13,136.825
2012-02-14,138.5
2012-02-15,145.625
2012-02-16,140.7565
2012-02-17,138.65
2012-02-20,134.0125
2012-02-21,130.5
2012-02-22,133.0
2012-02-23,131.7505
2012-02-24,130.77
2012-02-27,133.0
2012-02-28,123.5
2012-02-29,129.93
2012-03-01,126.875
2012-03-02,137.3
2012-03-05,135.1475
2012-03-06,138.8315
2012-03-07,137.275
2012-03-08,138.2
2012-03-09,133.0
2012-03-12,140.7125
2012-03-13,125.1375
2012-03-14,126.2495
2012-03-15,126.125
2012-03-16,123.5125
2012-03-19,114.788
2012-03-20,115.283
2012-03-21,114.025
2012-03-22,115.595
2012-03-23,114.5975
2012-03-26,118.65
2012-03-27,117.315
2012-03-28,115.79
2012-03-29,125.172
2012-03-30,124.925
2012-04-02,121.365
2012-04-03,124.677
2012-04-04,126.43
2012-04-05,129.465
2012-04-10,140.705
2012-04-11,142.505
2012-04-12,135.0625
2012-04-13,138.175
2012-04-16,140.36
2012-04-17,143.12
2012-04-18,135.51
2012-04-19,145.0
2012-04-20,137.2875
2012-04-23,149.375
2012-04-24,139.375
2012-04-25,147.65
2012-04-26,139.55
2012-04-27,143.825
2012-04-30,144.75
2012-05-01,136.388
2012-05-02,140.25
2012-05-03,141.375
2012-05-04,144.5
2012-05-08,154.2685
2012-05-09,148.0
2012-05-10,152.555
2012-05-11,153.5535
2012-05-14,163.155
2012-05-15,175.5325
2012-05-16,170.6175
2012-05-17,182.645
2012-05-18,184.935
2012-05-21,179.66
2012-05-22,179.31
2012-05-23,175.475
2012-05-24,181.29
2012-05-25,173.31
2012-05-28,175.16
2012-05-29,167.215
2012-05-30,177.035
2012-05-31,173.2175
2012-06-01,176.823
2012-06-06,178.69
2012-06-07,170.75
2012-06-08,178.8035
2012-06-11,180.2625
2012-06-12,175.963
2012-06-13,182.005
2012-06-14,177.8015
2012-06-15,180.28
2012-06-18,169.95
2012-06-19,175.44
2012-06-20,176.175
2012-06-21,176.1065
2012-06-22,174.995
2012-06-25,165.8065
2012-06-26,178.1
2012-06-27,184.123
2012-06-28,170.902
2012-06-29,165.5215
2012-07-02,169.037
2012-07-03,153.1625
2012-07-04,156.48
2012-07-05,155.098
2012-07-06,172.375
2012-07-09,171.6105
2012-07-10,169.74
2012-07-11,161.345
2012-07-12,161.705
2012-07-13,171.265
2012-07-16,173.4035
2012-07-17,173.85
2012-07-18,159.198
2012-07-19,156.735
2012-07-20,159.31
2012-07-23,163.4095
2012-07-24,171.168
2012-07-26,174.875
2012-07-27,172.4685
2012-07-30,160.625
2012-07-31,164.7405
2012-08-01,157.31
2012-08-02,166.8915
2012-08-03,163.4625
2012-08-06,157.756
2012-08-07,148.063
2012-08-08,154.05
2012-08-09,148.9665
2012-08-10,149.039
2012-08-13,147.81
2012-08-14,145.8335
2012-08-15,146.0835
2012-08-16,145.875
2012-08-17,145.0
2012-08-20,142.3415
2012-08-21,139.06
2012-08-22,139.7165
2012-08-23,143.375
2012-08-24,146.125
2012-08-28,146.438
2012-08-29,146.6735
2012-08-30,149.725
2012-08-31,150.5875
2012-09-03,146.689
2012-09-04,144.396
2012-09-05,142.03
2012-09-06,136.45
2012-09-07,129.3495
2012-09-10,128.319
2012-09-11,127.285
2012-09-12,126.038
2012-09-13,125.9
2012-09-14,122.59
2012-09-17,118.8735
2012-09-18,121.4045
2012-09-19,121.8685
2012-09-20,124.3875
2012-09-21,125.8835
2012-09-24,128.4055
2012-09-25,133.1045
2012-09-26,135.1715
2012-09-27,138.125
2012-09-28,135.625
2012-10-01,134.75
2012-10-02,132.8435
2012-10-03,127.826
2012-10-04,129.5585
2012-10-05,127.38
2012-10-08,127.737
2012-10-09,131.9715
2012-10-10,133.063
2012-10-11,130.75
2012-10-12,127.5
2012-10-15,125.905
2012-10-16,121.5
2012-10-17,115.965
2012-10-18,118.375
2012-10-19,122.4915
2012-10-22,122.9515
2012-10-23,128.125
2012-10-24,126.7885
2012-10-25,128.8095
2012-10-26,128.875
2012-10-29,133.2375
2012-10-30,129.0
2012-10-31,130.215
2012-11-01,128.0475
2012-11-02,127.522
2012-11-05,129.5625
2012-11-06,126.4125
2012-11-07,129.15
2012-11-08,131.655
2012-11-09,131.4645
2012-11-12,130.02
2012-11-13,132.125
2012-11-14,132.6875
2012-11-15,136.4185
2012-11-16,136.75
2012-11-19,131.1335
2012-11-20,127.7505
2012-11-21,124.5775
2012-11-22,124.6875
2012-11-23,121.8485
2012-11-26,124.125
2012-11-27,123.5
2012-11-28,123.9265
2012-11-29,122.5515
2012-11-30,123.3015
2012-12-03,119.2295
2012-12-04,118.86
2012-12-05,119.5185
2012-12-06,116.1875
2012-12-07,118.8425
2012-12-10,119.5
2012-12-11,114.875
2012-12-12,114.0
2012-12-13,114.9535
2012-12-14,115.2175
2012-12-17,114.9815
2012-12-18,110.2075
2012-12-19,109.7585
2012-12-20,110.5935
2012-12-21,112.5
2012-12-24,111.688
2012-12-27,114.18
2012-12-28,116.48
2012-12-31,117.43
2013-01-02,106.5325
2013-01-03,101.855
2013-01-04,103.875
2013-01-07,102.875
2013-01-08,102.9165
2013-01-09,104.075
2013-01-10,103.8825
2013-01-11,101.6365
2013-01-14,103.1545
2013-01-15,103.5475
2013-01-16,103.6495
2013-01-17,103.125
2013-01-18,104.3275
2013-01-21,102.0
2013-01-22,104.6625
2013-01-23,105.0
2013-01-24,105.125
2013-01-25,105.0
2013-01-28,107.25
2013-01-29,108.5175
2013-01-30,111.4185
2013-01-31,113.235
2013-02-01,111.0
2013-02-04,118.45
2013-02-05,115.82
2013-02-06,116.975
2013-02-07,117.6435
2013-02-08,115.6125
2013-02-11,116.0
2013-02-12,115.99
2013-02-13,110.2875
2013-02-14,110.325
2013-02-15,113.9075
2013-02-18,112.2175
2013-02-19,110.875
2013-02-20,111.0735
2013-02-21,114.438
2013-02-22,112.5385
2013-02-25,112.7465
2013-02-26,120.375
2013-02-27,117.0515
2013-02-28,116.75
2013-03-01,117.5
2013-03-04,117.75
2013-03-05,114.021
2013-03-06,111.0125
2013-03-07,107.5
2013-03-08,105.3315
2013-03-11,104.325
2013-03-12,106.2935
2013-03-13,105.6435
2013-03-14,104.22
2013-03-15,103.38
2013-03-18,105.855
2013-03-19,115.0165
2013-03-20,119.43
2013-03-21,118.9875
2013-03-22,116.475
2013-03-25,120.377
2013-03-26,121.77
2013-03-27,128.25
2013-03-28,130.168
2013-04-02,119.9615
2013-04-03,123.25
2013-04-04,125.05
2013-04-05,124.25
2013-04-08,113.4515
2013-04-09,119.75
2013-04-10,108.31
2013-04-11,104.25
2013-04-12,108.1295
2013-04-15,108.1285
2013-04-16,107.9315
2013-04-17,111.9375
2013-04-18,112.4425
2013-04-19,116.945
2013-04-22,105.462
2013-04-23,107.5
2013-04-24,107.9535
2013-04-25,110.325
2013-04-26,100.125
2013-04-29,100.465
2013-04-30,99.3185
2013-05-01,95.375
2013-05-02,95.25
2013-05-03,84.995
2013-05-07,92.13
2013-05-08,88.3
2013-05-09,92.75
2013-05-10,89.2375
2013-05-13,96.225
2013-05-14,100.625
2013-05-15,93.188
2013-05-16,96.8
2013-05-17,92.647
2013-05-20,89.9375
2013-05-21,91.25
2013-05-22,90.7465
2013-05-23,92.088
2013-05-24,99.3325
2013-05-28,97.0815
2013-05-29,97.3875
2013-05-30,100.5
2013-05-31,107.7465
2013-06-03,108.5475
2013-06-04,109.393
2013-06-05,110.945
2013-06-06,113.6875
2013-06-07,105.125
2013-06-10,101.125
2013-06-11,118.3975
2013-06-12,110.07
2013-06-13,121.5
2013-06-14,113.1965
2013-06-17,101.5925
2013-06-18,104.7035
2013-06-19,105.94
2013-06-20,100.0
2013-06-21,121.6255
2013-06-24,136.8185
2013-06-25,133.5375
2013-06-26,115.063
2013-06-27,127.063
2013-06-28,115.9665
2013-07-01,117.9
2013-07-02,118.0215
2013-07-03,108.813
2013-07-04,116.2685
2013-07-05,112.145
2013-07-08,108.7965
2013-07-09,108.98
2013-07-10,112.563
2013-07-11,107.9175
2013-07-12,109.2625
2013-07-15,108.5935
2013-07-16,109.125
2013-07-17,105.125
2013-07-18,107.13
2013-07-19,106.5185
2013-07-22,101.165
2013-07-23,99.2375
2013-07-24,96.7935
2013-07-25,104.6185
2013-07-26,98.2665
2013-07-29,104.228
2013-07-30,96.7835
2013-07-31,103.2375
2013-08-01,101.4135
2013-08-02,96.015
2013-08-05,94.75
2013-08-06,95.125
2013-08-07,98.7185
2013-08-08,102.735
2013-08-09,95.375
2013-08-12,96.6635
2013-08-13,96.2065
2013-08-14,91.66
2013-08-15,96.783
2013-08-16,80.0
2013-08-19,101.4665
2013-08-20,106.2185
2013-08-21,106.5
2013-08-22,97.25
2013-08-23,110.75
2013-08-27,106.163
2013-08-28,107.5
2013-08-29,106.0315
2013-08-30,107.3125
2013-09-02,103.875
2013-09-03,104.6435
2013-09-04,105.2735
2013-09-05,105.6875
2013-09-06,103.8125
2013-09-09,101.8125
2013-09-10,98.697
2013-09-11,98.845
2013-09-12,97.795
2013-09-13,98.0625
2013-09-16,94.625
2013-09-17,93.63
2013-09-18,92.375
2013-09-19,88.495
2013-09-20,99.16
2013-09-23,100.41
2013-09-24,97.52
2013-09-25,97.8435
2013-09-26,99.5625
2013-09-27,102.313
2013-09-30,104.25
2013-10-01,99.1715
2013-10-02,98.688
2013-10-03,100.7975
2013-10-04,97.75
2013-10-07,98.2385
2013-10-08,99.0
2013-10-09,101.875
2013-10-10,95.5
2013-10-11,93.6125
2013-10-14,94.688
2013-10-15,89.188
2013-10-16,88.25
2013-10-17,87.688
2013-10-18,83.0
2013-10-21,86.295
2013-10-22,84.0
2013-10-23,86.125
2013-10-24,86.358
2013-10-25,87.1415
2013-10-28,85.5315
2013-10-29,83.9385
2013-10-30,84.938
2013-10-31,84.5005
2013-11-01,82.813
2013-11-04,84.0
2013-11-05,85.25
2013-11-06,84.88
2013-11-07,82.125
2013-11-08,83.0075
2013-11-11,82.0875
2013-11-12,84.685
2013-11-13,84.205
2013-11-14,82.547
2013-11-15,81.125
2013-11-18,79.563
2013-11-19,81.813
2013-11-20,81.4065
2013-11-21,82.563
2013-11-22,80.0
2013-11-25,78.1875
2013-11-26,77.625
2013-11-27,77.125
2013-11-28,77.505
2013-11-29,79.813
2013-12-02,78.125
2013-12-03,79.21
2013-12-04,82.0
2013-12-05,82.533
2013-12-06,81.86
2013-12-09,78.875
2013-12-10,77.0825
2013-12-11,78.1255
2013-12-12,79.0625
2013-12-13,78.75
2013-12-16,78.1095
2013-12-17,78.0935
2013-12-18,77.3515
2013-12-19,74.063
2013-12-20,72.79
2013-12-23,69.655
2013-12-24,69.265
2013-12-27,70.12
2013-12-30,70.813
2013-12-31,72.0
2014-01-02,70.3125
2014-01-03,70.125
2014-01-06,69.125
2014-01-07,68.6705
2014-01-08,69.75
2014-01-09,71.11
2014-01-10,70.688
2014-01-13,71.281
2014-01-14,72.313
2014-01-15,69.665
2014-01-16,70.3975
2014-01-17,70.625
2014-01-20,71.09
2014-01-21,72.25
2014-01-22,72.672
2014-01-23,75.525
2014-01-24,82.75
2014-01-27,84.575
2014-01-28,79.685
2014-01-29,82.875
2014-01-30,81.56
2014-01-31,81.4375
2014-02-03,84.25
2014-02-04,82.4765
2014-02-05,81.553
2014-02-06,79.5025
2014-02-07,78.125
2014-02-10,78.0
2014-02-11,74.5
2014-02-12,73.665
2014-02-13,74.823
2014-02-14,73.705
2014-02-17,73.09
2014-02-18,72.735
2014-02-19,72.375
2014-02-20,73.75
2014-02-21,73.67
2014-02-24,71.3135
2014-02-25,71.0625
2014-02-26,72.7985
2014-02-27,73.1875
2014-02-28,70.55
2014-03-03,73.625
2014-03-04,72.31
2014-03-05,71.9125
2014-03-06,71.328
2014-03-07,71.325
2014-03-10,72.75
2014-03-11,72.663
2014-03-12,74.375
2014-03-13,77.6715
2014-03-14,78.25
2014-03-17,74.3035
2014-03-18,71.5005
2014-03-19,70.8075
2014-03-20,81.13
2014-03-21,78.8615
2014-03-24,78.88
2014-03-25,79.3325
2014-03-26,79.5045
2014-03-27,79.42
2014-03-28,77.8525
2014-03-31,75.5215
2014-04-01,73.3775
2014-04-02,73.063
2014-04-03,72.031
2014-04-04,71.0
2014-04-07,71.125
2014-04-08,71.837
2014-04-09,70.3595
2014-04-10,71.0
2014-04-11,73.6875
2014-04-14,72.02
2014-04-15,74.435
2014-04-16,72.22
2014-04-17,72.0
2014-04-22,70.25
2014-04-23,70.4425
2014-04-24,71.69
2014-04-25,72.13
2014-04-28,72.98
2014-04-29,70.9165
2014-04-30,70.125
2014-05-01,69.438
2014-05-02,69.0
2014-05-06,69.317
2014-05-07,69.05
2014-05-08,66.275
2014-05-09,66.718
2014-05-12,66.93
2014-05-13,66.41
2014-05-14,65.94
2014-05-15,68.6895
2014-05-16,70.1875
2014-05-19,69.335
2014-05-20,70.735
2014-05-21,70.9875
2014-05-22,70.593
2014-05-23,69.48
2014-05-27,67.88
2014-05-28,66.5275
2014-05-29,66.3175
2014-05-30,66.5975
2014-06-02,65.755
2014-06-03,64.773
2014-06-04,64.73
2014-06-05,63.033
2014-06-06,59.38
2014-06-09,57.2675
2014-06-10,57.224
2014-06-11,58.52
2014-06-12,58.9925
2014-06-13,59.942
2014-06-16,60.4925
2014-06-17,60.795
2014-06-18,60.255
2014-06-19,58.2975
2014-06-20,57.443
2014-06-23,57.8225
2014-06-24,58.068
2014-06-25,58.693
2014-06-26,59.411
2014-06-27,60.4625
2014-06-30,61.51
2014-07-01,60.858
2014-07-02,59.318
2014-07-03,58.1225
2014-07-04,56.77
2014-07-07,57.5
2014-07-08,59.693
2014-07-09,61.03
2014-07-10,61.505
2014-07-11,62.0045
2014-07-14,60.536
2014-07-15,60.265
2014-07-16,60.63
2014-07-17,59.8925
2014-07-18,62.37
2014-07-21,62.76
2014-07-22,62.005
2014-07-23,60.765
2014-07-24,60.125
2014-07-25,60.786
2014-07-28,61.411
2014-07-29,61.3175
2014-07-30,61.56
2014-07-31,63.872
2014-08-01,66.7545
2014-08-04,67.23
2014-08-05,66.192
2014-08-06,66.286
2014-08-07,68.849
2014-08-08,70.505
2014-08-11,68.6525
2014-08-12,67.075
2014-08-13,65.773
2014-08-14,64.365
2014-08-15,63.63
2014-08-18,63.4
2014-08-19,60.39
2014-08-20,59.88
2014-08-21,59.443
2014-08-22,58.9
2014-08-26,58.285
2014-08-27,56.7225
2014-08-28,59.1275
2014-08-29,59.3225
2014-09-01,59.703
2014-09-03,57.8025
2014-09-04,56.422
2014-09-05,55.54
2014-09-08,55.52
2014-09-09,57.815
2014-09-10,57.995
2014-09-11,59.12
2014-09-12,59.09
2014-09-15,60.957
2014-09-16,60.8725
2014-09-17,60.1775
2014-09-18,57.995
2014-09-19,57.655
2014-09-22,56.93
2014-09-23,58.412
2014-09-24,58.9875
2014-09-25,60.055
2014-09-26,62.365
2014-09-29,64.9675
2014-09-30,64.555
2014-10-01,62.71
2014-10-02,63.067
2014-10-03,62.135
2014-10-06,62.49
2014-10-07,67.495
2014-10-08,63.5525
2014-10-09,66.412
2014-10-10,68.285
2014-10-13,70.392
2014-10-14,70.375
2014-10-15,72.695
2014-10-16,76.0
2014-10-17,74.925
2014-10-20,72.4225
2014-10-21,71.3675
2014-10-22,68.438
2014-10-23,66.905
2014-10-24,66.4525
2014-10-27,67.25
2014-10-28,67.29
2014-10-29,66.81
2014-10-30,67.375
2014-10-31,66.212
2014-11-03,65.605
2014-11-04,66.3
2014-11-05,66.325
2014-11-06,64.728
2014-11-07,64.485
2014-11-10,63.845
2014-11-11,62.9875
2014-11-12,63.3325
2014-11-13,63.6725
2014-11-14,63.925
2014-11-17,63.005
2014-11-18,63.75
2014-11-19,64.4875
2014-11-20,64.19
2014-11-21,62.7975
2014-11-24,60.422
2014-11-25,61.8595
2014-11-26,59.455
2014-11-27,58.82
2014-11-28,57.7825
2014-12-01,58.0505
2014-12-02,57.4875
2014-12-03,56.735
2014-12-04,57.665
2014-12-05,56.5785
2014-12-08,55.9845
2014-12-09,57.9415
2014-12-10,59.627
2014-12-11,60.03
2014-12-12,62.6
2014-12-15,67.037
2014-12-16,70.922
2014-12-17,66.325
2014-12-18,63.6
2014-12-19,62.1595
2014-12-22,61.785
2014-12-23,58.54
2014-12-24,58.395
2014-12-29,59.1595
2014-12-30,61.6
2014-12-31,62.835
2015-01-02,60.7125
2015-01-05,61.5065
2015-01-06,65.565
2015-01-07,64.6575
2015-01-08,63.173
2015-01-09,61.645
2015-01-12,62.8675
2015-01-13,61.673
2015-01-14,61.76
2015-01-15,61.9225
2015-01-22,55.185
2015-01-23,53.9
2015-01-26,53.17
2015-01-27,52.975
2015-01-28,54.725
2015-01-29,56.5255
2015-01-30,58.6775
2015-02-02,59.06
2015-02-03,57.23
2015-02-04,56.298
2015-02-05,56.955
2015-02-06,55.5475
2015-02-09,57.565
2015-02-10,58.7475
2015-02-11,58.66
2015-02-12,58.428
2015-02-13,57.48
2015-02-16,57.433
2015-02-17,58.1065
2015-02-18,56.335
2015-02-19,54.29
2015-02-20,54.157
2015-02-23,52.875
2015-02-24,51.375
2015-02-25,51.313
2015-02-26,50.0
2015-02-27,49.531
2015-03-02,50.157
2015-03-03,50.87
2015-03-04,50.522
2015-03-05,49.31
2015-03-06,48.365
2015-03-09,49.05
2015-03-10,49.9975
2015-03-11,49.7475
2015-03-12,49.406
2015-03-13,49.363
2015-03-16,49.5075
2015-03-17,50.045
2015-03-18,51.0755
2015-03-19,51.65
2015-03-20,53.4
2015-03-23,53.01
2015-03-24,53.21
2015-03-25,56.2575
2015-03-26,56.0625
2015-03-27,56.0665
2015-03-30,56.188
2015-03-31,56.183
2015-04-01,52.495
2015-04-02,56.738
2015-04-07,56.0025
2015-04-08,55.535
2015-04-09,55.155
2015-04-10,53.75
2015-04-13,53.1425
2015-04-14,54.17
2015-04-15,54.35
2015-04-16,55.817
2015-04-17,59.655
2015-04-20,62.197
2015-04-21,62.105
2015-04-22,60.85
2015-04-23,60.1975
2015-04-24,61.1105
2015-04-27,60.2425
2015-04-28,59.275
2015-04-29,60.575
2015-04-30,61.417
2015-05-01,60.01
2015-05-05,61.035
2015-05-06,62.485
2015-05-07,62.685
2015-05-08,60.64
2015-05-11,59.66
2015-05-12,60.73
2015-05-13,61.4165
2015-05-14,61.1
2015-05-15,60.41
2015-05-18,60.4725
2015-05-19,60.435
2015-05-20,60.145
2015-05-21,59.885
2015-05-22,60.042
2015-05-26,62.385
2015-05-27,62.622
2015-05-28,62.875
2015-05-29,64.375
2015-06-01,66.313
2015-06-02,66.23
2015-06-03,64.845
2015-06-04,64.838
2015-06-05,66.0075
2015-06-08,67.97
2015-06-09,69.0
2015-06-10,67.9975
2015-06-11,66.625
2015-06-12,68.285
2015-06-15,70.66
2015-06-16,73.025
2015-06-17,74.453
2015-06-18,76.188
2015-06-19,75.565
2015-06-22,71.0575
2015-06-23,66.625
2015-06-24,66.5
2015-06-25,67.375
2015-06-26,66.5425
2015-06-29,76.2275
2015-06-30,76.585
2015-07-01,74.5
2015-07-02,73.313
2015-07-03,74.95
2015-07-06,76.735
2015-07-07,80.245
2015-07-08,81.0
2015-07-09,77.498
2015-07-10,71.375
2015-07-13,66.23
2015-07-14,65.125
2015-07-15,64.7
2015-07-16,63.125
2015-07-17,61.3325
2015-07-20,59.4175
2015-07-21,59.375
2015-07-22,60.55
2015-07-23,60.8475
2015-07-24,61.438
2015-07-27,63.4225
2015-07-28,64.235
2015-07-29,63.3325
2015-07-30,63.2425
2015-07-31,63.438
2015-08-03,62.5875
2015-08-04,62.8925
2015-08-05,63.238
2015-08-06,63.7425
2015-08-07,64.98
2015-08-10,64.9375
2015-08-11,65.2185
2015-08-12,67.625
2015-08-13,68.1725
2015-08-14,67.563
2015-08-17,67.072
2015-08-18,67.0625
2015-08-19,68.5425
2015-08-20,69.47
2015-08-21,72.142
2015-08-24,75.48
2015-08-25,76.015
2015-08-26,74.245
2015-08-27,72.3175
2015-08-28,71.3315
2015-09-01,72.8825
2015-09-02,74.142
2015-09-03,72.625
2015-09-04,72.54
2015-09-07,73.155
2015-09-08,71.17
2015-09-09,70.2925
2015-09-10,69.875
2015-09-11,71.11
2015-09-14,71.6875
2015-09-15,72.5975
2015-09-16,71.5625
2015-09-17,69.8125
2015-09-18,69.8525
2015-09-21,73.7275
2015-09-22,80.958
2015-09-23,80.495
2015-09-24,83.04
2015-09-25,85.475
2015-09-28,87.4675
2015-09-29,91.25
2015-09-30,91.0925
2015-10-01,91.72
2015-10-02,92.4
2015-10-05,89.125
2015-10-06,85.678
2015-10-07,83.5625
2015-10-08,83.23
2015-10-09,81.625
2015-10-12,79.6
2015-10-13,79.0
2015-10-14,80.73
2015-10-15,81.1875
2015-10-16,80.163
2015-10-19,78.77
2015-10-20,78.375
2015-10-21,78.0
2015-10-22,76.125
2015-10-23,72.188
2015-10-26,70.795
2015-10-27,71.4225
2015-10-28,71.6875
2015-10-29,70.88
2015-10-30,70.938
2015-11-02,70.7425
2015-11-03,69.75
2015-11-04,69.75
2015-11-05,70.695
2015-11-06,71.0125
2015-11-09,71.705
2015-11-10,72.4225
2015-11-11,71.735
2015-11-12,72.11
2015-11-13,74.105
2015-11-16,74.1875
2015-11-17,72.505
2015-11-18,70.6565
2015-11-19,70.892
2015-11-20,70.553
2015-11-23,70.9925
2015-11-24,71.7175
2015-11-25,71.225
2015-11-26,69.905
2015-11-27,69.9375
2015-11-30,69.7175
2015-12-01,69.68
2015-12-02,69.385
2015-12-03,71.197
2015-12-04,73.185
2015-12-07,72.54
2015-12-08,72.25
2015-12-09,75.285
2015-12-10,76.087
2015-12-11,79.372
2015-12-14,82.803
2015-12-15,82.8675
2015-12-16,79.685
2015-12-17,79.155
2015-12-18,79.313
2015-12-21,82.375
2015-12-22,82.375
2015-12-23,80.7145
2015-12-24,79.355
2015-12-29,77.96
2015-12-30,78.0675
2015-12-31,77.12
2016-01-04,78.875
2016-01-05,80.656
2016-01-06,80.716
2016-01-07,82.06
2016-01-08,84.5625
2016-01-11,86.2425
2016-01-12,86.005
2016-01-13,86.325
2016-01-14,88.373
2016-01-15,92.75
2016-01-18,96.75
2016-01-19,96.213
2016-01-20,97.938
2016-01-21,96.4975
2016-01-22,93.625
2016-01-25,93.0
2016-01-26,93.0475
2016-01-27,92.188
2016-01-28,92.8425
2016-01-29,92.73
2016-02-01,92.7625
2016-02-02,96.11
2016-02-03,101.3625
2016-02-04,104.1875
2016-02-05,106.25
2016-02-08,115.625
2016-02-09,121.273
2016-02-10,118.0
2016-02-11,121.81
2016-02-12,123.4375
2016-02-15,116.688
2016-02-16,114.0
2016-02-17,111.325
2016-02-18,109.16
2016-02-19,113.08
2016-02-22,111.0
2016-02-23,108.28
2016-02-24,109.905
2016-02-25,110.25
2016-02-26,106.685
2016-02-29,100.84
2016-03-01,98.43
2016-03-02,95.5625
2016-03-03,95.5
2016-03-04,94.7825
2016-03-07,91.99
2016-03-08,90.875
2016-03-09,91.66
2016-03-10,87.3425
2016-03-11,70.7375
2016-03-14,69.5925
2016-03-15,74.1875
2016-03-16,76.68
2016-03-17,73.7225
2016-03-18,71.5045
2016-03-21,70.4425
2016-03-22,72.81
2016-03-23,73.75
2016-03-24,75.245
2016-03-29,76.3435
2016-03-30,74.572
2016-03-31,72.75
2016-04-01,74.0005
2016-04-04,73.589
2016-04-05,75.2765
2016-04-06,76.7455
2016-04-07,78.82
2016-04-08,80.8075
2016-04-11,78.8755
2016-04-12,77.995
2016-04-13,75.84
2016-04-14,73.15
2016-04-15,72.51
2016-04-18,72.835
2016-04-19,70.435
2016-04-20,70.2815
2016-04-21,68.71
2016-04-22,67.813
2016-04-25,70.005
2016-04-26,71.375
2016-04-27,71.252
2016-04-28,71.0
2016-04-29,72.1725
2016-05-03,74.8275
2016-05-04,77.212
2016-05-05,78.62
2016-05-06,79.3695
2016-05-09,78.87
2016-05-10,77.287
2016-05-11,76.495
2016-05-12,76.995
2016-05-13,77.0
2016-05-16,77.495
2016-05-17,78.107
2016-05-18,78.0
2016-05-19,79.1525
2016-05-20,79.192
2016-05-23,78.328
2016-05-24,76.8175
2016-05-25,73.53
2016-05-26,71.1355
2016-05-27,71.0105
2016-05-31,71.7225
2016-06-01,74.53
2016-06-02,74.43
2016-06-03,75.5125
2016-06-06,73.906
2016-06-07,72.76
2016-06-08,73.21
2016-06-09,74.13
2016-06-10,76.19
2016-06-13,79.635
2016-06-14,84.755
2016-06-15,85.89
2016-06-16,88.205
2016-06-17,86.0625
2016-06-20,81.54
2016-06-21,77.8275
2016-06-22,78.16
2016-06-23,75.85
2016-06-24,94.82
2016-06-27,99.03
2016-06-28,93.06
2016-06-29,89.59
2016-06-30,85.212
2016-07-01,82.558
2016-07-04,78.7455
2016-07-05,81.5425
2016-07-06,82.772
2016-07-07,82.4375
2016-07-08,76.55
2016-07-11,76.283
2016-07-12,76.656
2016-07-13,74.5125
2016-07-14,70.31
2016-07-15,73.288
2016-07-18,70.925
2016-07-19,73.697
2016-07-20,68.2405
2016-07-21,70.3595
2016-07-22,69.855
2016-07-25,70.2925
2016-07-26,66.1435
2016-07-27,68.685
2016-07-28,67.457
2016-07-29,66.3845
2016-08-01,69.6085
2016-08-02,69.11
2016-08-03,70.938
2016-08-04,68.4
2016-08-05,67.7
2016-08-08,65.13
2016-08-09,65.14
2016-08-10,63.5475
2016-08-11,64.9545
2016-08-12,64.5285
2016-08-15,66.13
2016-08-16,63.3925
2016-08-17,68.0905
2016-08-18,66.933
2016-08-19,69.5265
2016-08-22,69.68
2016-08-23,70.707
2016-08-24,69.959
2016-08-25,67.868
2016-08-26,67.04
2016-08-29,67.04
2016-08-30,67.188
2016-08-31,67.37
2016-09-01,70.1845
2016-09-02,71.175
2016-09-05,67.125
2016-09-06,68.1925
2016-09-07,65.52
2016-09-08,65.33
2016-09-09,66.8805
2016-09-12,69.94
2016-09-13,70.6665
2016-09-14,72.5425
2016-09-15,72.385
2016-09-16,72.8945
2016-09-19,72.7225
2016-09-20,76.815
2016-09-21,73.26
2016-09-22,72.2815
2016-09-23,67.8375
2016-09-26,72.71
2016-09-27,70.475
2016-09-28,75.57
2016-09-29,72.567
2016-09-30,74.657
2016-10-03,74.12
2016-10-04,73.5
2016-10-05,73.495
2016-10-06,73.4945
2016-10-07,73.905
2016-10-10,70.871
2016-10-11,73.625
2016-10-12,77.15
2016-10-13,72.4
2016-10-14,71.7825
2016-10-17,71.2155
2016-10-18,72.58
2016-10-19,74.538
2016-10-20,73.463
2016-10-21,68.3955
2016-10-24,69.923
2016-10-25,71.055
2016-10-26,74.172
2016-10-27,69.2165
2016-10-28,69.938
2016-10-31,70.3585
2016-11-01,73.3
2016-11-02,75.05
2016-11-03,77.51
2016-11-04,78.1365
2016-11-07,77.6235
2016-11-08,73.17
2016-11-09,73.5815
2016-11-10,76.325
2016-11-11,78.6225
2016-11-14,76.34
2016-11-15,80.7685
2016-11-16,78.085
2016-11-17,76.5225
2016-11-18,83.0335
2016-11-21,81.3585
2016-11-22,83.5725
2016-11-23,80.705
2016-11-24,78.2945
2016-11-25,81.265
2016-11-28,84.3265
2016-11-29,80.835
2016-11-30,79.525
2016-12-01,76.65
2016-12-02,78.717
2016-12-05,75.447
2016-12-06,78.9665
2016-12-07,74.2035
2016-12-08,76.5585
2016-12-09,70.6895
2016-12-12,72.735
2016-12-13,71.555
2016-12-14,74.12
2016-12-15,70.2285
2016-12-16,72.993
2016-12-19,71.805
2016-12-20,73.5785
2016-12-21,67.56
2016-12-22,69.868
2016-12-23,70.21
2016-12-27,70.21
2016-12-28,70.245
2016-12-29,73.08
2016-12-30,72.8075
2017-01-02,72.245
2017-01-03,73.133
2017-01-04,70.8415
2017-01-05,70.2835
2017-01-06,65.839
2017-01-09,68.66
2017-01-10,68.91
2017-01-11,67.0815
2017-01-12,72.41
2017-01-13,69.668
2017-01-16,68.98
2017-01-17,66.98
2017-01-18,71.9525
2017-01-19,66.7585
2017-01-20,68.997
2017-01-23,67.288
2017-01-24,70.0915
2017-01-25,69.0125
2017-01-26,68.9635
2017-01-27,69.95
2017-01-30,71.25
2017-01-31,72.872
2017-02-01,70.8545
2017-02-02,72.7475
2017-02-03,71.775
2017-02-06,70.7445
2017-02-07,75.615
2017-02-08,75.14
2017-02-09,71.1635
2017-02-10,72.346
2017-02-13,74.1265
2017-02-14,70.2925
2017-02-15,69.885
2017-02-16,73.0065
2017-02-17,73.83
2017-02-20,76.4715
2017-02-21,70.8895
2017-02-22,74.03
2017-02-23,74.1235
2017-02-24,74.405
2017-02-27,77.3025
2017-02-28,71.2675
2017-03-01,71.91
2017-03-02,70.353
2017-03-03,72.057
2017-03-06,72.4495
2017-03-07,68.61
2017-03-08,74.1235
2017-03-09,74.304
2017-03-10,73.713
2017-03-13,74.7615
2017-03-14,75.7365
2017-03-15,72.98
2017-03-16,71.415
2017-03-17,70.105
2017-03-20,73.04
2017-03-21,78.862
2017-03-22,79.436
2017-03-23,78.824
2017-03-24,75.375
2017-03-27,72.5285
2017-03-28,74.25
2017-03-29,73.5
2017-03-30,74.4685
2017-03-31,73.9375
2017-04-03,74.37
2017-04-04,72.8905
2017-04-05,77.988
2017-04-06,74.87
2017-04-07,74.183
2017-04-10,75.7
2017-04-11,73.4805
2017-04-12,79.4935
2017-04-13,80.0315
2017-04-18,79.823
2017-04-19,73.5345
2017-04-20,72.4905
2017-04-21,71.997
2017-04-24,73.2765
2017-04-25,69.47
2017-04-26,66.563
2017-04-27,69.378
2017-04-28,64.249
2017-05-02,63.7175
2017-05-03,63.1685
2017-05-04,64.6535
2017-05-05,63.81
2017-05-08,65.471
2017-05-09,60.3565
2017-05-10,62.313
2017-05-11,64.385
2017-05-12,60.433
2017-05-15,64.7385
2017-05-16,60.0315
2017-05-17,64.797
2017-05-18,66.553
2017-05-19,63.81
2017-05-22,62.755
2017-05-23,64.4485
2017-05-24,62.135
2017-05-25,62.185
2017-05-26,59.2515
2017-05-29,61.485
2017-05-30,59.767
2017-05-31,64.5895
2017-06-01,62.3755
2017-06-02,62.245
2017-06-05,62.1225
2017-06-06,64.5075
2017-06-07,63.315
2017-06-08,60.755
2017-06-09,57.6445
2017-06-12,60.62
2017-06-13,59.7575
2017-06-14,54.922
2017-06-15,54.95
2017-06-16,57.1365
2017-06-19,56.5315
2017-06-20,57.824
2017-06-21,55.81
2017-06-22,54.9115
2017-06-23,51.985
2017-06-26,53.245
2017-06-27,53.8415
2017-06-28,52.748
2017-06-29,56.4785
2017-06-30,55.875
2017-07-03,57.2885
2017-07-04,52.9305
2017-07-05,55.0915
2017-07-06,53.525
2017-07-07,54.531
2017-07-10,59.0535
2017-07-11,56.368
2017-07-12,53.9185
2017-07-13,54.87
2017-07-14,54.377
2017-07-17,52.0825
2017-07-18,53.0285
2017-07-19,52.6225
2017-07-20,54.1255
2017-07-21,53.5375
2017-07-24,52.58
2017-07-25,52.26
2017-07-26,51.8325
2017-07-27,52.7135
2017-07-28,49.907
2017-07-31,52.2335
2017-08-01,52.5075
2017-08-02,53.9335
2017-08-03,49.925
2017-08-04,51.7185
2017-08-07,51.9925
2017-08-08,52.2995
2017-08-09,51.928
2017-08-10,56.4375
2017-08-11,59.7865
2017-08-14,55.057
2017-08-15,58.23
2017-08-16,57.748
2017-08-17,53.932
2017-08-18,57.43
2017-08-21,60.4645
2017-08-22,59.828
2017-08-23,57.69
2017-08-24,57.38
2017-08-25,56.375
2017-08-28,56.0
2017-08-29,58.6325
2017-08-30,56.82
2017-08-31,55.55
2017-09-01,52.3595
2017-09-04,54.09
2017-09-05,53.0435
2017-09-06,54.2
2017-09-07,55.1445
2017-09-08,53.3695
2017-09-11,50.7855
2017-09-12,50.115
2017-09-13,53.4145
2017-09-14,49.735
2017-09-15,52.435
2017-09-18,51.9855
2017-09-19,48.1195
2017-09-20,51.2675
2017-09-21,57.0315
2017-09-22,57.763
2017-09-25,59.005
2017-09-26,57.065
2017-09-27,57.9745
2017-09-28,57.722
2017-09-29,57.4625
2017-10-02,56.4935
2017-10-03,53.381
2017-10-04,56.15
2017-10-05,54.4655
2017-10-06,55.92
2017-10-09,59.0205
2017-10-10,56.6465
2017-10-11,57.692
2017-10-12,57.725
2017-10-13,55.7255
2017-10-16,55.4685
2017-10-17,55.25
2017-10-18,52.9855
2017-10-19,55.5665
2017-10-20,55.6375
2017-10-23,55.325
2017-10-24,56.3845
2017-10-25,54.947
2017-10-26,53.9815
2017-10-27,50.3925
2017-10-30,52.7345
2017-10-31,48.7015
2017-11-01,51.6835
2017-11-02,48.1005
2017-11-03,47.771
2017-11-06,47.6695
2017-11-07,49.673
2017-11-08,49.205
2017-11-09,53.8995
2017-11-10,50.2905
2017-11-13,50.1655
2017-11-14,52.275
2017-11-15,51.0685
2017-11-16,52.6065
2017-11-17,49.9895
2017-11-20,51.11
2017-11-21,50.197
2017-11-22,49.375
2017-11-23,49.0415
2017-11-24,50.9375
2017-11-27,49.1815
2017-11-28,49.4575
2017-11-29,47.022
2017-11-30,48.235
2017-12-01,46.638
2017-12-04,46.136
2017-12-05,47.25
2017-12-06,47.8225
2017-12-07,50.075
2017-12-08,47.6035
2017-12-11,47.3285
2017-12-12,47.3525
2017-12-13,47.425
2017-12-14,49.324
2017-12-15,48.32
2017-12-18,46.3075
2017-12-19,47.362
2017-12-20,47.07
2017-12-21,46.222
2017-12-22,45.38
2017-12-25,45.38
2017-12-26,45.38
2017-12-27,44.59
2017-12-28,45.86
2017-12-29,46.196
2018-01-02,45.2475
2018-01-03,46.3275
2018-01-04,45.5065
2018-01-05,43.6665
2018-01-08,43.8315
2018-01-09,43.925
2018-01-10,44.5
2018-01-11,43.0515
2018-01-12,45.8675
2018-01-15,44.373
2018-01-16,45.9525
2018-01-17,45.775
2018-01-18,42.897
2018-01-19,46.3515
2018-01-22,45.6985
2018-01-23,43.77
2018-01-24,42.035
2018-01-25,42.1115
2018-01-26,44.711
2018-01-29,41.785
2018-01-30,42.2315
2018-01-31,42.56
2018-02-01,42.2905
2018-02-02,44.36
2018-02-05,47.2825
2018-02-06,46.36
2018-02-07,46.95
2018-02-08,48.0915
2018-02-09,55.8985
2018-02-12,54.81
2018-02-13,55.452
2018-02-14,57.7265
2018-02-15,54.275
2018-02-16,53.275
2018-02-19,51.31
2018-02-20,52.425
2018-02-21,51.938
2018-02-22,52.6375
2018-02-23,54.86
2018-02-26,57.0075
2018-02-27,52.8565
2018-02-28,52.563
2018-03-01,52.862
2018-03-02,54.1
2018-03-05,52.9285
2018-03-06,54.7065
2018-03-07,52.987
2018-03-08,54.0565
2018-03-09,52.8425
2018-03-12,51.2015
2018-03-13,48.5225
2018-03-14,50.5785
2018-03-15,50.23
2018-03-16,51.3725
2018-03-19,50.25
2018-03-20,54.987
2018-03-21,56.1665
2018-03-22,58.785
2018-03-23,62.478
2018-03-26,63.6065
2018-03-27,59.3475
2018-03-28,61.05
2018-03-29,60.313
2018-04-03,58.057
2018-04-04,58.0405
2018-04-05,59.035
2018-04-06,57.813
2018-04-09,56.0415
2018-04-10,59.3285
2018-04-11,57.235
2018-04-12,58.8
2018-04-13,57.2265
2018-04-16,53.73
2018-04-17,53.245
2018-04-18,53.02
2018-04-19,52.047
2018-04-20,52.673
2018-04-23,56.972
2018-04-24,53.5
2018-04-25,56.135
2018-04-26,53.5645
2018-04-27,56.5265
2018-04-30,56.3175
2018-05-01,54.688
2018-05-02,56.971
2018-05-03,57.2165
2018-05-04,54.3425
2018-05-07,55.97
2018-05-08,54.372
2018-05-09,54.569
2018-05-10,57.4095
2018-05-11,56.6865
2018-05-14,56.225
2018-05-15,53.035
2018-05-16,53.7115
2018-05-17,54.9595
2018-05-18,55.4725
2018-05-21,61.325
2018-05-22,59.35
2018-05-23,62.2435
2018-05-24,62.1255
2018-05-25,61.7695
2018-05-28,65.2245
2018-05-29,70.4785
2018-05-30,69.2
2018-05-31,69.725
2018-06-01,70.475
2018-06-04,63.778
2018-06-05,68.4875
2018-06-06,70.075
2018-06-07,71.35
2018-06-08,73.6725
2018-06-11,70.328
2018-06-12,73.4885
2018-06-13,70.9
2018-06-14,65.314
2018-06-15,67.0165
2018-06-18,68.9415
2018-06-19,70.56
2018-06-20,68.2165
2018-06-21,70.873
2018-06-22,72.587
2018-06-25,74.11
2018-06-26,73.823
2018-06-27,71.36
2018-06-28,74.625
2018-06-29,74.625
2018-07-02,74.36
2018-07-03,74.525
2018-07-04,72.76
2018-07-05,72.085
2018-07-06,71.21
2018-07-09,67.71
2018-07-10,67.29
2018-07-11,69.5815
2018-07-12,67.2725
2018-07-13,66.935
2018-07-16,64.375
2018-07-17,65.8875
2018-07-18,63.8475
2018-07-19,64.1355
2018-07-20,67.857
2018-07-23,65.5185
2018-07-24,64.3
2018-07-25,63.285
2018-07-26,61.335
2018-07-27,60.678
2018-07-30,61.998
2018-07-31,61.6
2018-08-01,62.9435
2018-08-02,62.4
2018-08-03,63.635
2018-08-06,64.11
2018-08-07,66.3375
2018-08-08,61.1765
2018-08-09,64.0
2018-08-10,63.837
2018-08-13,68.575
2018-08-14,66.8385
2018-08-15,69.845
2018-08-16,71.05
2018-08-17,68.213
2018-08-20,70.848
2018-08-21,71.6815
2018-08-22,64.9795
2018-08-23,66.7475
2018-08-24,66.1065
2018-08-27,65.9255
2018-08-28,63.2385
2018-08-29,67.547
2018-08-30,68.5935
2018-08-31,69.9065
2018-09-03,70.9095
2018-09-04,68.0185
2018-09-05,66.77
2018-09-06,65.55
2018-09-07,64.772
2018-09-10,62.45
2018-09-11,59.5815
2018-09-12,61.47
2018-09-13,60.8875
2018-09-14,60.105
2018-09-17,57.7565
2018-09-18,59.975
2018-09-19,59.86
2018-09-20,70.2565
2018-09-21,70.667
2018-09-24,68.875
2018-09-25,69.55
2018-09-26,70.9965
2018-09-27,67.365
2018-09-28,67.935
2018-10-01,67.885
2018-10-02,70.185
2018-10-03,70.5375
2018-10-04,67.897
2018-10-05,68.56
2018-10-08,70.55
2018-10-09,71.175
2018-10-10,73.9065
2018-10-11,71.025
2018-10-12,74.46
2018-10-15,71.573
2018-10-16,73.68
2018-10-17,74.95
2018-10-18,77.097
2018-10-19,75.11
2018-10-22,76.5485
2018-10-23,74.463
2018-10-24,75.85
2018-10-25,76.46
2018-10-26,76.1
2018-10-29,78.7185
2018-10-30,78.4655
2018-10-31,72.3405
2018-11-01,72.775
2018-11-02,73.1875
2018-11-05,72.5915
2018-11-06,67.4255
2018-11-07,66.712
2018-11-08,65.2065
2018-11-09,66.5815
2018-11-12,72.46
2018-11-13,71.25
2018-11-14,73.7915
2018-11-15,71.072
2018-11-16,73.9115
2018-11-19,78.2
2018-11-20,80.275
2018-11-21,79.2
2018-11-22,75.875
2018-11-23,80.435
2018-11-26,77.235
2018-11-27,82.0065
2018-11-28,76.7035
2018-11-29,80.0
2018-11-30,80.235
2018-12-03,77.475
2018-12-04,84.147
2018-12-05,82.24
2018-12-06,86.4445
2018-12-07,87.75
2018-12-10,86.625
2018-12-11,84.0315
2018-12-12,85.8935
2018-12-13,80.0005
2018-12-14,80.085
2018-12-17,83.5935
2018-12-18,78.9815
2018-12-19,84.488
2018-12-20,86.673
2018-12-21,87.835
2018-12-24,91.89
2018-12-27,91.225
2018-12-28,89.81
2018-12-31,88.08
2019-01-02,88.5625
2019-01-03,93.3185
2019-01-04,93.81
2019-01-07,85.513
2019-01-08,83.7165
2019-01-09,84.41
2019-01-10,79.589
2019-01-11,81.875
2019-01-14,81.41
2019-01-15,78.9935
2019-01-16,82.0165
2019-01-17,75.5625
2019-01-18,75.35
2019-01-21,73.7475
2019-01-22,78.675
2019-01-23,80.357
2019-01-24,77.16
2019-01-25,73.073
2019-01-28,72.8725
2019-01-29,78.0435
2019-01-30,71.735
2019-01-31,71.7625
2019-02-01,73.0
2019-02-04,68.81
2019-02-05,72.947
2019-02-06,67.185
2019-02-07,71.2
2019-02-08,75.7725
2019-02-11,75.87
2019-02-12,72.1685
2019-02-13,68.0565
2019-02-14,68.2185
2019-02-15,67.85
2019-02-18,69.0855
2019-02-19,69.425
2019-02-20,66.825
2019-02-21,63.5415
2019-02-22,66.063
2019-02-25,64.05
2019-02-26,63.9
2019-02-27,60.1735
2019-02-28,63.672
2019-03-01,59.7625
2019-03-04,62.962
2019-03-05,61.002
2019-03-06,61.0565
2019-03-07,64.2115
2019-03-08,63.6875
2019-03-11,63.5005
2019-03-12,61.875
2019-03-13,60.1595
2019-03-14,59.8
2019-03-15,61.5375
2019-03-18,59.75
2019-03-19,60.338
2019-03-20,60.825
2019-03-21,67.8335
2019-03-22,66.2125
2019-03-25,67.086
2019-03-26,66.447
2019-03-27,67.85
2019-03-28,67.925
2019-03-29,66.45
2019-04-01,63.85
2019-04-02,62.375
2019-04-03,59.578
2019-04-04,62.685
2019-04-05,61.025
2019-04-08,59.082
2019-04-09,61.8
2019-04-10,60.65
2019-04-11,61.2845
2019-04-12,59.636
2019-04-15,57.623
2019-04-16,57.8475
2019-04-17,57.9065
2019-04-18,57.4725
2019-04-23,57.6225
2019-04-24,60.463
2019-04-25,59.41
2019-04-26,59.35
2019-04-29,58.4
2019-04-30,57.638
2019-05-01,59.9165
2019-05-02,59.025
2019-05-03,60.6315
2019-05-06,58.29
2019-05-07,59.3095
2019-05-08,63.7915
2019-05-09,64.61
2019-05-10,69.2
2019-05-13,67.7925
2019-05-14,66.755
2019-05-15,68.4075
2019-05-16,65.3945
2019-05-17,65.09
2019-05-20,65.7475
2019-05-21,68.2375
2019-05-22,63.497
2019-05-23,68.155
2019-05-24,70.573
2019-05-27,68.2
2019-05-28,66.2285
2019-05-29,67.6265
2019-05-30,69.985
2019-05-31,72.857
2019-06-03,68.4055
2019-06-04,68.76
2019-06-05,63.775
2019-06-06,66.0
2019-06-07,66.3845
2019-06-10,62.1875
2019-06-11,61.048
2019-06-12,63.013
2019-06-13,59.3
2019-06-14,61.835
2019-06-17,59.55
2019-06-18,58.5065
2019-06-19,55.813
2019-06-20,52.5325
2019-06-21,53.875
2019-06-24,54.1435
2019-06-25,56.638
2019-06-26,54.813
2019-06-27,54.435
2019-06-28,52.8
2019-07-01,51.5
2019-07-02,48.6005
2019-07-03,50.8435
2019-07-04,50.8055
2019-07-05,51.3645
2019-07-08,52.403
2019-07-09,48.972
2019-07-10,50.65
2019-07-11,49.035
2019-07-12,51.147
2019-07-15,48.8875
2019-07-16,50.463
2019-07-17,48.4275
2019-07-18,49.825
2019-07-19,50.7935
2019-07-22,47.0115
2019-07-23,47.7505
2019-07-24,48.048
2019-07-25,44.3565
2019-07-26,46.525
2019-07-29,50.0455
2019-07-30,48.328
2019-07-31,48.6925
2019-08-01,52.1435
2019-08-02,52.225
2019-08-05,57.9735
2019-08-06,55.3125
2019-08-07,55.0515
2019-08-08,56.0
2019-08-09,53.9685
2019-08-12,57.705
2019-08-13,56.2065
2019-08-14,58.2315
2019-08-15,56.875
2019-08-16,52.538
2019-08-19,49.8295
2019-08-20,53.285
2019-08-21,50.735
2019-08-22,48.2405
2019-08-23,51.11
2019-08-26,51.66
2019-08-27,52.7345
2019-08-28,48.4815
2019-08-29,46.9825
2019-08-30,46.507
2019-09-02,49.0
2019-09-03,49.385
2019-09-04,48.26
2019-09-05,50.1665
2019-09-06,46.4315
2019-09-09,45.7
2019-09-10,48.435
2019-09-11,51.022
2019-09-12,45.671
2019-09-13,45.06
2019-09-16,46.125
2019-09-17,49.05
2019-09-18,49.253
2019-09-19,45.603
2019-09-20,50.638
2019-09-23,52.8265
2019-09-24,53.6
2019-09-25,55.3625
2019-09-26,56.0
2019-09-27,58.1055
2019-09-30,55.75
2019-10-01,55.125
2019-10-02,56.0
2019-10-03,58.3125
2019-10-04,56.797
2019-10-07,57.875
2019-10-08,58.75
2019-10-09,56.7415
2019-10-10,57.125
2019-10-11,56.747
2019-10-14,54.5
2019-10-15,55.575
2019-10-16,52.748
2019-10-17,52.6875
2019-10-18,52.4375
2019-10-21,51.625
2019-10-22,50.688
2019-10-23,50.685
2019-10-24,49.1285
2019-10-25,51.185
2019-10-28,48.597
2019-10-29,52.2035
2019-10-30,51.25
2019-10-31,53.4315
2019-11-01,49.397
2019-11-04,51.1285
2019-11-05,47.5
2019-11-06,49.5915
2019-11-07,48.875
2019-11-08,48.75
2019-11-11,50.425
2019-11-12,46.8065
2019-11-13,47.0695
2019-11-14,51.4905
2019-11-15,50.9365
2019-11-18,46.982
2019-11-19,50.847
2019-11-20,51.3585
2019-11-21,48.647
2019-11-22,48.4625
2019-11-25,49.185
2019-11-26,46.325
2019-11-27,47.685
2019-11-28,49.5405
2019-11-29,46.2
2019-12-02,49.675
2019-12-03,49.375
2019-12-04,47.4915
2019-12-05,48.0
2019-12-06,47.125
2019-12-09,47.38
2019-12-10,47.17
2019-12-11,47.35
2019-12-12,45.6535
2019-12-13,46.185
2019-12-16,46.71
2019-12-17,45.31
2019-12-18,46.546
2019-12-19,46.085
2019-12-20,44.563
2019-12-23,43.5
2019-12-24,44.14
2019-12-25,44.095
2019-12-26,44.095
2019-12-27,43.53
2019-12-30,43.65
2019-12-31,44.22
2020-01-02,43.855
2020-01-03,44.375
2020-01-06,43.65
2020-01-07,45.4035
2020-01-08,44.123
2020-01-09,43.875
2020-01-10,44.5455
2020-01-13,43.435
2020-01-14,42.035
2020-01-15,44.922
2020-01-16,42.16
2020-01-17,41.512
2020-01-20,44.0195
2020-01-21,43.185
2020-01-22,43.498
2020-01-23,42.507
2020-01-24,43.188
2020-01-27,44.047
2020-01-28,45.56
2020-01-29,43.5435
2020-01-30,45.373
2020-01-31,46.123
2020-02-03,44.4095
2020-02-04,44.9375
2020-02-05,44.6515
2020-02-06,44.3365
2020-02-07,43.1535
2020-02-10,44.663
2020-02-11,42.685
2020-02-12,43.4985
2020-02-13,42.0
2020-02-14,40.36
2020-02-17,42.653
2020-02-18,41.25
2020-02-19,41.7475
2020-02-20,42.989
2020-02-21,41.1785
2020-02-24,47.235
2020-02-25,49.25
2020-02-26,50.688
2020-02-27,55.475
2020-02-28,60.5
2020-03-02,66.625
2020-03-03,67.3155
2020-03-04,63.3125
2020-03-05,65.875
2020-03-06,71.2315
2020-03-09,103.67
2020-03-10,100.785
2020-03-11,102.25
2020-03-12,127.06
2020-03-13,108.925
2020-03-16,112.975
2020-03-17,119.5
2020-03-18,123.2845
2020-03-19,128.5
2020-03-20,120.688
2020-03-23,121.1375
2020-03-24,109.75
2020-03-25,94.4875
2020-03-26,89.813
2020-03-27,86.0905
2020-03-30,96.125
2020-03-31,97.625
2020-04-01,99.625
2020-04-02,105.5
2020-04-03,110.5625
2020-04-06,109.25
2020-04-07,100.4685
2020-04-08,98.185
2020-04-09,79.13
2020-04-10,79.19
2020-04-13,79.195
2020-04-14,78.13
2020-04-15,81.125
2020-04-16,84.75
2020-04-17,83.25
2020-04-20,84.375
2020-04-21,88.375
2020-04-22,88.6875
2020-04-23,84.125
2020-04-24,83.375
2020-04-27,82.125
2020-04-28,81.435
2020-04-29,78.9065
2020-04-30,79.5
2020-05-01,83.25
2020-05-04,84.963
2020-05-05,83.15
2020-05-06,85.1875
2020-05-07,86.125
2020-05-08,85.94
2020-05-11,86.532
2020-05-12,83.94
2020-05-13,87.085
2020-05-14,89.375
2020-05-15,87.6565
2020-05-18,86.625
2020-05-19,80.0985
2020-05-20,77.1165
2020-05-21,78.0
2020-05-22,77.462
2020-05-25,79.29
2020-05-26,77.247
2020-05-27,74.25
2020-05-28,71.0
2020-05-29,69.6225
2020-06-01,71.375
2020-06-02,68.9475
2020-06-03,66.125
2020-06-04,66.3165
2020-06-05,59.09
2020-06-08,61.539
2020-06-09,62.435
2020-06-10,66.06
2020-06-11,72.038
2020-06-12,70.5
2020-06-15,70.75
2020-06-16,67.375
2020-06-17,64.375
2020-06-18,65.6875
2020-06-19,64.5935
2020-06-22,66.56
2020-06-23,65.938
2020-06-24,65.9375
2020-06-25,69.25
2020-06-26,70.16
2020-06-29,71.375
2020-06-30,66.7
2020-07-01,67.938
2020-07-02,62.813
2020-07-03,63.9375
2020-07-06,60.675
2020-07-07,62.625
2020-07-08,62.8745
2020-07-09,62.875
2020-07-10,61.938
2020-07-13,60.1935
2020-07-14,63.6905
2020-07-15,61.5065
2020-07-16,59.1195
2020-07-17,61.625
2020-07-20,59.147
2020-07-21,58.1
2020-07-22,59.8575
2020-07-23,59.6875
2020-07-24,56.072
2020-07-27,58.6
2020-07-28,59.938
2020-07-29,58.224
2020-07-30,61.5225
2020-07-31,60.75
2020-08-03,58.24
2020-08-04,56.357
2020-08-05,56.375
2020-08-06,55.67
2020-08-07,54.16
2020-08-10,54.2165
2020-08-11,50.9625
2020-08-12,52.4375
2020-08-13,54.672
2020-08-14,51.8315
2020-08-17,55.872
2020-08-18,54.125
2020-08-19,54.81
2020-08-20,57.4005
2020-08-21,55.81
2020-08-24,53.74
2020-08-25,54.375
2020-08-26,54.435
2020-08-27,53.75
2020-08-28,54.125
2020-08-31,54.25
2020-09-01,52.3315
2020-09-02,49.772
2020-09-03,48.3075
2020-09-04,51.563
2020-09-07,53.375
2020-09-08,54.988
2020-09-09,53.81
2020-09-10,53.5
2020-09-11,56.025
2020-09-14,55.435
2020-09-15,54.2475
2020-09-16,54.25
2020-09-17,52.8255
2020-09-18,56.938
2020-09-21,57.74
2020-09-22,57.765
2020-09-23,58.91
2020-09-24,59.3725
2020-09-25,62.03
2020-09-28,58.9625
2020-09-29,58.0875
2020-09-30,60.185
2020-10-01,56.961
2020-10-02,60.6075
2020-10-05,56.67
2020-10-06,53.3425
2020-10-07,56.025
2020-10-08,53.9405
2020-10-09,53.185
2020-10-12,51.935
2020-10-13,51.01
2020-10-14,52.935
2020-10-15,56.725
2020-10-16,55.0935
2020-10-19,55.0285
2020-10-20,56.1615
2020-10-21,54.5315
2020-10-22,57.0815
2020-10-23,55.5
2020-10-26,56.4375
2020-10-27,56.153
2020-10-28,61.4975
2020-10-29,67.178
2020-10-30,65.31
2020-11-02,61.563
2020-11-03,62.188
2020-11-04,61.4665
2020-11-05,55.75
2020-11-06,53.0005
2020-11-09,51.0625
2020-11-10,50.375
2020-11-11,51.522
2020-11-12,53.4035
2020-11-13,54.0005
2020-11-16,51.0315
2020-11-17,49.875
2020-11-18,48.125
2020-11-19,50.5285
2020-11-20,51.3125
2020-11-23,51.435
2020-11-24,49.7785
2020-11-25,48.873
2020-11-26,49.0625
2020-11-27,48.935
2020-11-30,49.0
2020-12-01,47.56
2020-12-02,48.1185
2020-12-03,46.5935
2020-12-04,45.625
2020-12-07,46.31
2020-12-08,47.313
2020-12-09,47.3725
2020-12-10,48.09
2020-12-11,48.9375
2020-12-14,48.7405
2020-12-15,49.185
2020-12-16,46.7415
2020-12-17,47.81
2020-12-18,47.8725
2020-12-21,52.36
2020-12-22,52.213
2020-12-23,49.61
2020-12-24,48.46
2020-12-25,48.46
2020-12-28,48.46
2020-12-29,48.935
2020-12-30,47.0375
2020-12-31,47.95
2021-01-01,47.75
2021-01-04,47.52
2021-01-05,48.435
2021-01-06,48.0785
2021-01-07,48.36
2021-01-08,46.675
2021-01-11,49.9285
2021-01-12,50.16
2021-01-13,48.4475
2021-01-14,47.6565
2021-01-15,48.185
2021-01-18,51.434
2021-01-19,50.685
2021-01-20,49.4375
2021-01-21,49.06
2021-01-22,47.7695
2021-01-25,50.2915
2021-01-26,50.4375
2021-01-27,49.0415
2021-01-28,51.6845
2021-01-29,51.7785
2021-02-01,51.81
2021-02-02,50.875
2021-02-03,48.6915
2021-02-04,49.3065
2021-02-05,47.8125
2021-02-08,48.2935
2021-02-09,47.5935
2021-02-10,47.2755
2021-02-11,46.4315
2021-02-12,47.1565
2021-02-15,47.4475
2021-02-16,45.0285
2021-02-17,47.685
2021-02-18,49.464
2021-02-19,47.8435
2021-02-22,46.528
2021-02-23,50.3185
2021-02-24,50.6935
2021-02-25,48.9345
2021-02-26,52.338
2021-03-01,49.81
2021-03-02,49.7165
2021-03-03,46.4335
2021-03-04,50.0595
2021-03-05,47.6665
2021-03-08,50.0685
2021-03-09,50.6195
2021-03-10,48.7785
2021-03-11,45.814
2021-03-12,46.8125
2021-03-15,47.39
2021-03-16,48.828
2021-03-17,48.957
2021-03-18,45.6055
2021-03-19,47.31
2021-03-22,53.0635
2021-03-23,52.5515
2021-03-24,52.4465
2021-03-25,52.6145
2021-03-26,53.9865
2021-03-29,55.885
2021-03-30,55.8115
2021-03-31,53.005
2021-04-01,50.708
2021-04-02,50.705
2021-04-05,50.715
2021-04-06,52.005
2021-04-07,50.967
2021-04-08,50.88
2021-04-09,50.563
2021-04-12,49.1285
2021-04-13,49.263
2021-04-14,52.7685
2021-04-15,48.5
2021-04-16,49.5915
2021-04-19,51.2615
2021-04-20,50.4065
2021-04-21,51.123
2021-04-22,52.711
2021-04-23,50.688
2021-04-26,50.6565
2021-04-27,50.75
2021-04-28,50.7185
2021-04-29,51.9815
2021-04-30,50.0285
2021-05-03,49.98
2021-05-04,52.0095
2021-05-05,48.847
2021-05-06,48.946
2021-05-07,50.685
2021-05-10,50.25
2021-05-11,49.0345
2021-05-12,51.75
2021-05-13,52.06
2021-05-14,51.25
2021-05-17,50.7815
2021-05-18,53.2485
2021-05-19,50.1795
2021-05-20,50.5315
2021-05-21,52.237
2021-05-24,50.5315
2021-05-25,49.6935
2021-05-26,51.085
2021-05-27,52.425
2021-05-28,50.438
2021-05-31,49.98
2021-06-01,51.4045
2021-06-02,49.188
2021-06-03,51.4325
2021-06-04,51.2795
2021-06-07,49.347
2021-06-08,50.796
2021-06-09,48.748
2021-06-10,46.5585
2021-06-11,45.853
2021-06-14,46.0975
2021-06-15,49.0315
2021-06-16,45.7785
2021-06-17,47.4685
2021-06-18,46.1815
2021-06-21,48.498
2021-06-22,49.3225
2021-06-23,45.387
2021-06-24,44.939
2021-06-25,46.0
2021-06-28,44.547
2021-06-29,46.373
2021-06-30,46.56
2021-07-01,45.022
2021-07-02,46.248
2021-07-05,44.2675
2021-07-06,46.1565
2021-07-07,47.975
2021-07-08,46.9355
2021-07-09,47.063
2021-07-12,48.3685
2021-07-13,46.5035
2021-07-14,46.685
2021-07-15,48.772
2021-07-16,45.8345
2021-07-19,50.1725
2021-07-20,49.1375
2021-07-21,46.9985
2021-07-22,49.0525
2021-07-23,46.625
2021-07-26,46.25
2021-07-27,46.91
2021-07-28,45.3145
2021-07-29,48.06
2021-07-30,48.0265
2021-08-02,48.2365
2021-08-03,45.0055
2021-08-04,48.546
2021-08-05,48.1225
2021-08-06,46.19
2021-08-09,44.5065
2021-08-10,46.375
2021-08-11,46.655
2021-08-12,44.7325
2021-08-13,46.12
2021-08-16,44.514
2021-08-17,47.9845
2021-08-18,46.3725
2021-08-19,45.2185
2021-08-20,48.9695
2021-08-23,48.2975
2021-08-24,45.9035
2021-08-25,45.748
2021-08-26,44.2655
2021-08-27,45.625
2021-08-30,45.212
2021-08-31,44.995
2021-09-01,43.064
2021-09-02,44.528
2021-09-03,46.353
2021-09-06,44.748
2021-09-07,43.178
2021-09-08,44.9685
2021-09-09,46.2865
2021-09-10,44.614
2021-09-13,46.363
2021-09-14,43.039
2021-09-15,44.588
2021-09-16,44.463
2021-09-17,46.278
2021-09-20,47.975
2021-09-21,49.032
2021-09-22,52.0165
2021-09-23,50.7515
2021-09-24,48.81
2021-09-27,48.9375
2021-09-28,51.1485
2021-09-29,49.74
2021-09-30,50.027
2021-10-01,51.9225
2021-10-04,52.403
2021-10-05,49.022
2021-10-06,51.5975
2021-10-07,49.946
2021-10-08,51.063
2021-10-11,50.6785
2021-10-12,51.253
2021-10-13,54.853
2021-10-14,54.575
2021-10-15,49.0795
2021-10-18,50.8725
2021-10-19,52.2425
2021-10-20,48.125
2021-10-21,49.9
2021-10-22,51.7485
2021-10-25,50.185
2021-10-26,47.7225
2021-10-27,50.638
2021-10-28,51.1065
2021-10-29,48.638
2021-11-01,49.1285
2021-11-02,50.725
2021-11-03,48.729
2021-11-04,48.0985
2021-11-05,46.7325
2021-11-08,46.0545
2021-11-09,46.279
2021-11-10,50.386
2021-11-11,50.4185
2021-11-12,47.4015
2021-11-15,49.0
2021-11-16,47.103
2021-11-17,49.1485
2021-11-18,47.428
2021-11-19,49.375
2021-11-22,50.0225
2021-11-23,48.98
2021-11-24,51.7125
2021-11-25,52.8175
2021-11-26,55.5025
2021-11-29,56.875
2021-11-30,56.9375
2021-12-01,56.9935
2021-12-02,56.725
2021-12-03,57.4625
2021-12-06,57.3
2021-12-07,55.1225
2021-12-08,53.5525
2021-12-09,52.846
2021-12-10,54.4945
2021-12-13,52.1925
2021-12-14,51.9975
2021-12-15,52.075
2021-12-16,50.9375
2021-12-17,50.45
2021-12-20,51.0
2021-12-21,50.8625
2021-12-22,50.125
2021-12-23,49.06
2021-12-24,47.606
2021-12-27,47.606
2021-12-28,47.606
2021-12-29,47.9525
2021-12-30,48.1875
2021-12-31,49.162
2022-01-03,47.698
2022-01-04,47.5605
2022-01-05,49.55
2022-01-06,48.935
2022-01-07,49.9975
2022-01-10,51.25
2022-01-11,51.1225
2022-01-12,50.56
2022-01-13,50.5
2022-01-14,51.4975
2022-01-17,52.4375
2022-01-18,53.1875
2022-01-19,53.56
2022-01-20,51.9005
2022-01-21,54.4375
2022-01-24,57.949
2022-01-25,57.4975
2022-01-26,56.375
2022-01-27,56.6875
2022-01-28,58.5625
2022-01-31,59.125
2022-02-01,58.5
2022-02-02,57.7505
2022-02-03,59.7475
2022-02-04,63.31
2022-02-07,65.8125
2022-02-08,64.6875
2022-02-09,63.2905
2022-02-10,63.2475
2022-02-11,65.66
2022-02-14,67.1875
2022-02-15,67.0
2022-02-16,66.3125
2022-02-17,63.5755
2022-02-18,68.7475
2022-02-21,70.625
2022-02-22,71.625
2022-02-23,71.1855
2022-02-24,73.56
2022-02-25,70.9345
2022-02-28,69.565
2022-03-01,74.2475
2022-03-02,74.935
2022-03-03,76.0625
2022-03-04,79.935
2022-03-07,84.9975
2022-03-08,84.81
2022-03-09,81.7475
2022-03-10,79.06
2022-03-11,80.5625
2022-03-14,80.0
2022-03-15,79.435
2022-03-16,76.625
2022-03-17,75.0625
2022-03-18,70.0625
2022-03-21,75.6225
2022-03-22,77.6255
2022-03-23,78.7475
2022-03-24,79.625
2022-03-25,80.1225
2022-03-28,79.3125
2022-03-29,75.3125
2022-03-30,72.8125
2022-03-31,73.31
2022-04-01,72.7185
2022-04-04,71.25
2022-04-05,72.31
2022-04-06,74.435
2022-04-07,76.3125
2022-04-08,77.06
2022-04-11,77.75
2022-04-12,77.9345
2022-04-13,78.2475
2022-04-14,78.875
2022-04-15,78.754
2022-04-18,78.754
2022-04-19,79.2675
2022-04-20,79.0625
2022-04-21,78.5
2022-04-22,79.8725
2022-04-25,82.75
2022-04-26,85.685
2022-04-27,87.625
2022-04-28,88.5625
2022-04-29,89.4375
2022-05-02,90.223
2022-05-03,89.3725
2022-05-04,93.2295
2022-05-05,89.632
2022-05-06,95.1225
2022-05-09,92.5935
2022-05-10,100.7665
2022-05-11,91.725
2022-05-12,94.625
2022-05-13,93.4975
2022-05-16,92.8725
2022-05-17,92.6225
2022-05-18,93.9975
2022-05-19,97.125
2022-05-20,97.31
2022-05-23,97.81
2022-05-24,97.31
2022-05-25,96.0625
2022-05-26,91.625
2022-05-27,87.75
2022-05-30,85.6225
2022-05-31,82.1985
2022-06-01,88.625
2022-06-02,89.32
2022-06-03,89.32
2022-06-06,88.1255
2022-06-07,91.7425
2022-06-08,89.75
2022-06-09,91.4375
2022-06-10,96.935
2022-06-13,99.0155
2022-06-14,107.31
2022-06-15,106.81
2022-06-16,109.1225
2022-06-17,111.125
2022-06-20,115.0
2022-06-21,107.935
2022-06-22,110.62
2022-06-23,111.6855
2022-06-24,111.25
2022-06-27,109.625
2022-06-28,111.6225
2022-06-29,115.3755
2022-06-30,118.0625
2022-07-01,119.9375
2022-07-04,119.625
2022-07-05,121.6855
2022-07-06,123.56
2022-07-07,118.935
2022-07-08,117.125
2022-07-11,117.31
2022-07-12,123.4165
2022-07-13,120.81
2022-07-14,124.125
2022-07-15,131.225
2022-07-18,121.25
2022-07-19,116.5625
2022-07-20,111.2
2022-07-21,109.2475
2022-07-22,106.685
2022-07-25,104.5
2022-07-26,109.6875
2022-07-27,111.9375
2022-07-28,107.5
2022-07-29,102.81
2022-08-01,101.125
2022-08-02,102.75
2022-08-03,102.3725
2022-08-04,101.125
2022-08-05,102.0
2022-08-08,101.4375
2022-08-09,101.2475
2022-08-10,99.625
2022-08-11,95.875
2022-08-12,92.8725
2022-08-15,92.185
2022-08-16,93.4875
2022-08-17,97.3125
2022-08-18,96.078
2022-08-19,100.435
2022-08-22,106.875
2022-08-23,110.685
2022-08-24,110.0
2022-08-25,108.06
2022-08-26,110.5
2022-08-29,112.786
2022-08-30,115.56
2022-08-31,114.5
2022-09-01,119.875
2022-09-02,120.913
2022-09-05,116.625
2022-09-06,115.395
2022-09-07,114.01
2022-09-08,113.535
2022-09-09,110.7525
2022-09-12,105.875
2022-09-13,108.3425
2022-09-14,107.56
2022-09-15,108.0625
2022-09-16,109.9975
2022-09-19,112.408
2022-09-20,116.56
2022-09-21,118.575
2022-09-22,125.4755
2022-09-23,128.1875
2022-09-26,132.0
2022-09-27,138.582
2022-09-28,136.0025
2022-09-29,131.914
2022-09-30,136.7495
2022-10-03,133.0625
2022-10-04,124.3875
2022-10-05,124.5625
2022-10-06,126.2
2022-10-07,128.9375
2022-10-10,133.6875
2022-10-11,134.375
2022-10-12,134.2525
2022-10-13,131.8145
2022-10-14,131.5625
2022-10-17,128.315
2022-10-18,125.3745
2022-10-19,125.69
2022-10-20,125.375
2022-10-21,124.8125
2022-10-24,118.6915
2022-10-25,118.875
2022-10-26,115.125
2022-10-27,113.3775
2022-10-28,112.6275
2022-10-31,112.375
2022-11-01,116.19
2022-11-02,110.7525
2022-11-03,112.1275
2022-11-04,111.0
2022-11-07,108.4375
2022-11-08,106.125
2022-11-09,106.2525
2022-11-10,103.3775
2022-11-11,98.7525
2022-11-14,97.0625
2022-11-15,94.69
2022-11-16,91.6125
2022-11-17,96.815
2022-11-18,96.2525
2022-11-21,94.75
2022-11-22,93.5
2022-11-23,95.3065
2022-11-24,88.44
2022-11-25,88.1585
2022-11-28,90.9405
2022-11-29,91.565
2022-11-30,91.1875
2022-12-01,86.66
2022-12-02,87.44
2022-12-05,89.0625
2022-12-06,90.565
2022-12-07,91.714
2022-12-08,91.815
2022-12-09,90.8125
2022-12-12,89.3125
2022-12-13,86.525
2022-12-14,83.6275
2022-12-15,86.44
2022-12-16,93.3125
2022-12-19,97.5025
2022-12-20,98.1875
2022-12-21,96.69
2022-12-22,94.59
2022-12-23,94.23
2022-12-26,93.051
2022-12-27,93.051
2022-12-28,92.9495
2022-12-29,92.0725
2022-12-30,91.2075
2023-01-02,90.447
2023-01-03,89.65
2023-01-04,86.705
2023-01-05,85.9395
2023-01-06,84.285
2023-01-09,80.8325
2023-01-10,80.9375
2023-01-11,81.0625
2023-01-12,79.25
2023-01-13,75.776
2023-01-16,77.037
2023-01-17,78.8775
2023-01-18,78.3125
2023-01-19,79.5025
2023-01-20,81.4395
2023-01-23,79.8775
2023-01-24,78.8125
2023-01-25,79.3775
2023-01-26,79.1875
2023-01-27,77.815
2023-01-30,81.6125
2023-01-31,79.2525
2023-02-01,78.69
2023-02-02,72.8275
2023-02-03,72.0
2023-02-06,70.688
2023-02-07,75.1275
2023-02-08,75.7525
2023-02-09,78.378
2023-02-10,77.065
2023-02-13,77.7245
2023-02-14,77.3125
2023-02-15,76.375
2023-02-16,75.94
2023-02-17,76.69
2023-02-20,81.0595
2023-02-21,79.75
2023-02-22,80.875
2023-02-23,80.625
2023-02-24,80.3125
2023-02-27,80.125
2023-02-28,79.3125
2023-03-01,81.6845
2023-03-02,79.94
2023-03-03,78.065
2023-03-06,75.6975
2023-03-07,74.78
2023-03-08,76.0
2023-03-09,76.3125
2023-03-10,79.1875
2023-03-13,88.34
2023-03-14,91.5825
2023-03-15,96.69
2023-03-16,93.2525
2023-03-17,100.065
2023-03-20,102.0185
2023-03-21,94.6875
2023-03-22,90.875
2023-03-23,92.375
2023-03-24,93.5175
2023-03-27,97.6525
2023-03-28,92.4185
2023-03-29,92.5625
2023-03-30,89.0005
2023-03-31,85.9375
2023-04-03,87.5675
2023-04-04,86.685
2023-04-05,88.9975
2023-04-06,89.0625
2023-04-07,87.944
2023-04-10,87.944
2023-04-11,86.5105
2023-04-12,83.875
2023-04-13,86.0895
2023-04-14,82.685
2023-04-17,81.995
2023-04-18,80.9375
2023-04-19,83.836
2023-04-20,82.3105
2023-04-21,83.3125
2023-04-24,86.0365
2023-04-25,83.875
2023-04-26,85.125
2023-04-27,87.6125
2023-04-28,83.435
2023-05-01,82.75
2023-05-02,84.75
2023-05-03,83.472
2023-05-04,86.4505
2023-05-05,88.5875
2023-05-08,86.332
2023-05-09,90.4115
2023-05-10,87.5625
2023-05-11,91.315
2023-05-12,86.458
2023-05-15,87.1865
2023-05-16,90.3995
2023-05-17,86.9875
2023-05-18,85.925
2023-05-19,85.635
2023-05-22,81.875
2023-05-23,81.6005
2023-05-24,83.25
2023-05-25,83.8125
2023-05-26,81.7125
2023-05-29,80.366
2023-05-30,83.45
2023-05-31,81.25
2023-06-01,80.875
2023-06-02,81.128
2023-06-05,77.2505
2023-06-06,77.3625
2023-06-07,77.225
2023-06-08,77.0625
2023-06-09,74.163
2023-06-12,79.3405
2023-06-13,77.1875
2023-06-14,76.9375
2023-06-15,77.2475
2023-06-16,79.122
2023-06-19,75.685
2023-06-20,76.125
2023-06-21,76.8125
2023-06-22,77.25
2023-06-23,77.875
2023-06-26,82.099
2023-06-27,78.8125
2023-06-28,74.9685
2023-06-29,76.81
2023-06-30,74.8725
2023-07-03,71.0515
2023-07-04,73.3725
2023-07-05,74.185
2023-07-06,73.5005
2023-07-07,77.4375
2023-07-10,76.1225
2023-07-11,73.875
2023-07-12,70.935
2023-07-13,69.4975
2023-07-14,67.7795
2023-07-17,68.7975
2023-07-18,70.56
2023-07-19,69.4975
2023-07-20,69.75
2023-07-21,69.75
2023-07-24,69.1845
2023-07-25,69.8125
2023-07-26,72.0895
2023-07-27,71.207
2023-07-28,67.06
2023-07-31,67.125
2023-08-01,68.4345
2023-08-02,70.925
2023-08-03,72.3825
2023-08-04,71.065
2023-08-07,70.5625
2023-08-08,72.05
2023-08-09,72.495
2023-08-10,71.565
2023-08-11,71.1125
2023-08-14,71.69
2023-08-15,72.4375
2023-08-16,73.85
2023-08-17,77.597
2023-08-18,77.2375
2023-08-21,78.375
2023-08-22,77.6775
2023-08-23,75.675
2023-08-24,74.5725
2023-08-25,74.315
2023-08-28,73.849
2023-08-29,71.8975
2023-08-30,72.0625
2023-08-31,69.94
2023-09-01,70.2625
2023-09-04,69.6525
2023-09-05,69.5625
2023-09-06,71.0125
2023-09-07,71.9375
2023-09-08,71.3775
2023-09-11,70.5
2023-09-12,70.7745
2023-09-13,70.75
2023-09-14,69.39
2023-09-15,68.963
2023-09-18,67.4575
2023-09-19,69.5025
2023-09-20,72.1525
2023-09-21,76.0925
2023-09-22,77.5255
2023-09-25,80.55
2023-09-26,81.8935
2023-09-27,81.55
2023-09-28,81.29
2023-09-29,79.8425
2023-10-02,80.7755
2023-10-03,84.065
2023-10-04,85.83
2023-10-05,86.7025
2023-10-06,86.75
2023-10-09,86.39
2023-10-10,84.875
2023-10-11,83.025
2023-10-12,82.1275
2023-10-13,83.275
2023-10-16,81.62
2023-10-17,83.625
2023-10-18,84.5775
2023-10-19,86.1875
2023-10-20,88.1065
2023-10-23,88.24
2023-10-24,86.1475
2023-10-25,86.65
2023-10-26,88.4125
2023-10-27,86.2415
2023-10-30,88.9945
2023-10-31,86.7625
2023-11-01,84.5975
2023-11-02,81.0925
2023-11-03,78.1875
2023-11-06,77.7
2023-11-07,77.9005
2023-11-08,76.675
2023-11-09,75.8425
2023-11-10,78.7575
2023-11-13,74.62
2023-11-14,72.16
2023-11-15,68.103
2023-11-16,71.3625
2023-11-17,70.6875
2023-11-20,69.095
2023-11-21,68.71
2023-11-22,68.6025
2023-11-23,67.885
2023-11-24,68.065
2023-11-27,68.8575
2023-11-28,68.94
2023-11-29,67.585
2023-11-30,67.275
2023-12-01,64.4225
2023-12-04,66.31
2023-12-05,64.6515
2023-12-06,67.2275
2023-12-07,67.017
2023-12-08,66.8625
2023-12-11,66.3
2023-12-12,66.6975
2023-12-13,65.3125
2023-12-14,61.87
2023-12-15,60.19
2023-12-18,61.4375
2023-12-19,60.82
2023-12-20,59.6875
2023-12-21,60.0625
2023-12-22,59.4875
2023-12-25,59.021
2023-12-26,59.021
2023-12-27,59.5325
2023-12-28,58.85
2023-12-29,58.65
2024-01-01,58.105
2024-01-02,58.8275
2024-01-03,65.3515
2024-01-04,63.503
2024-01-05,63.69
2024-01-08,63.2875
2024-01-09,62.1
2024-01-10,60.615
2024-01-11,60.075
2024-01-12,60.14
2024-01-15,60.5125
2024-01-16,60.835
2024-01-17,61.58
2024-01-18,61.9675
2024-01-19,60.5315
2024-01-22,59.5275
2024-01-23,59.96
2024-01-24,59.74
2024-01-25,58.6375
2024-01-26,58.0775
2024-01-29,60.3385
2024-01-30,58.502
2024-01-31,59.3
2024-02-01,60.4255
2024-02-02,59.68
2024-02-05,56.751
2024-02-06,59.24
2024-02-07,60.232
2024-02-08,60.015
2024-02-09,61.455
2024-02-12,58.005
2024-02-13,59.8425
2024-02-14,57.9155
2024-02-15,55.288
2024-02-16,54.487
2024-02-19,53.7925
2024-02-20,56.2375
2024-02-21,56.5275
2024-02-22,55.1275
2024-02-23,52.2015
2024-02-26,54.5625
2024-02-27,57.334
2024-02-28,55.5525
2024-02-29,55.498
2024-03-01,53.3745
2024-03-04,54.195
2024-03-05,54.25
2024-03-06,54.045
2024-03-07,53.16
2024-03-08,52.3875
2024-03-11,52.362
2024-03-12,52.2725
2024-03-13,51.265
2024-03-14,51.5675
2024-03-15,52.9775
2024-03-18,53.0625
2024-03-19,52.5
2024-03-20,53.685
2024-03-21,54.3275
2024-03-22,54.5305
2024-03-25,55.065
2024-03-26,55.1555
2024-03-27,53.4535
2024-03-28,54.7985
2024-03-29,54.236
2024-04-01,54.236
2024-04-02,54.86
2024-04-03,55.48
2024-04-04,54.025
2024-04-05,53.8505
2024-04-08,54.3725
2024-04-09,54.26
2024-04-10,54.7525
2024-04-11,55.8125
2024-04-12,57.5975
2024-04-15,59.4575
2024-04-16,60.935
2024-04-17,61.849
2024-04-18,61.315
2024-04-19,60.375
2024-04-22,59.2875
2024-04-23,58.0375
2024-04-24,56.365
2024-04-25,57.33
2024-04-26,56.5505
2024-04-29,54.747
2024-04-30,55.2275
2024-05-01,56.2625
2024-05-02,54.0685
2024-05-03,54.3325
2024-05-06,53.4
2024-05-07,52.9775
2024-05-08,52.7875
2024-05-09,50.567
2024-05-10,52.665
2024-05-13,52.6345
2024-05-14,54.3965
2024-05-15,53.633
2024-05-16,51.025
2024-05-17,50.945
2024-05-20,49.0025
2024-05-21,52.2785
2024-05-22,50.9425
2024-05-23,51.33
2024-05-24,51.3175
2024-05-27,51.07
2024-05-28,51.415
2024-05-29,51.955
2024-05-30,52.4675
2024-05-31,52.055
2024-06-03,50.2245
2024-06-04,54.0985
2024-06-05,52.055
2024-06-06,49.86
2024-06-07,51.6325
2024-06-10,50.192
2024-06-11,54.1845
2024-06-12,56.9565
2024-06-13,55.1575
2024-06-14,63.981
2024-06-17,63.6725
2024-06-18,60.2475
2024-06-19,62.103
2024-06-20,62.2625
2024-06-21,61.595
2024-06-24,61.2575
2024-06-25,60.7125
2024-06-26,61.6525
2024-06-27,62.055
2024-06-28,61.645
2024-07-01,59.615
2024-07-02,57.7645
2024-07-03,55.8425
2024-07-04,53.8825
2024-07-05,53.8
2024-07-08,53.0025
2024-07-09,51.0075
2024-07-10,53.255
2024-07-11,52.5445
2024-07-12,51.735
2024-07-15,51.1775
2024-07-16,51.62
2024-07-17,52.5575
2024-07-18,53.435
2024-07-19,54.025
2024-07-22,53.5925
2024-07-23,53.2095
2024-07-24,53.9755
2024-07-25,52.9515
2024-07-26,54.6
2024-07-29,52.736
2024-07-30,55.2625
2024-07-31,55.1925
2024-08-01,56.71
2024-08-02,60.7575
2024-08-05,64.0
2024-08-06,65.0975
2024-08-07,63.4025
2024-08-08,61.905
2024-08-09,61.8675
2024-08-12,61.6325
2024-08-13,61.405
2024-08-14,60.185
2024-08-15,59.5465
2024-08-16,54.7125
2024-08-19,53.465
2024-08-20,53.4975
2024-08-21,53.825
2024-08-22,53.7325
2024-08-23,52.7
2024-08-26,52.044
2024-08-27,52.4775
2024-08-28,51.9125
2024-08-29,51.9975
2024-08-30,52.1505
2024-09-02,54.4265
2024-09-03,53.4125
2024-09-04,54.3575
2024-09-05,54.965
2024-09-06,55.855
2024-09-09,54.165
2024-09-10,58.1405
2024-09-11,57.375
2024-09-12,56.6575
2024-09-13,54.475
2024-09-16,53.5055
2024-09-17,53.145
2024-09-18,53.28
2024-09-19,52.125
2024-09-20,54.485
2024-09-23,58.415
2024-09-24,58.895
2024-09-25,58.959
2024-09-26,58.12
2024-09-27,55.505
2024-09-30,58.2075
2024-10-01,59.3875
2024-10-02,59.7105
2024-10-03,59.615
2024-10-04,59.1825
2024-10-07,56.573
2024-10-08,58.3075
2024-10-09,57.9505
2024-10-10,57.33
2024-10-11,56.825
2024-10-14,56.3225
2024-10-15,50.8315
2024-10-16,56.3215
2024-10-17,53.7535
2024-10-18,57.4145
2024-10-21,53.834
2024-10-22,56.88
2024-10-23,57.5825
2024-10-24,57.6895
2024-10-25,57.24
2024-10-28,54.742
2024-10-29,56.6
2024-10-30,57.0575
2024-10-31,58.0625
2024-11-01,58.35
2024-11-04,58.5825
2024-11-05,56.3755
2024-11-06,56.88
2024-11-07,55.8225
2024-11-08,54.7125
2024-11-11,54.265
2024-11-12,54.3975
2024-11-13,56.8735
2024-11-14,54.665
2024-11-15,55.6225
2024-11-18,56.07
2024-11-19,55.7275
2024-11-20,54.197
2024-11-21,56.7025
2024-11-22,57.2375
2024-11-25,57.5555
2024-11-26,57.7925
2024-11-27,57.9675
2024-11-28,59.5975
2024-11-29,56.485
2024-12-02,55.975
2024-12-03,56.3325
2024-12-04,55.83
2024-12-05,54.525
2024-12-06,53.395
2024-12-09,53.2
2024-12-10,53.4475
2024-12-11,53.057
2024-12-12,55.209
2024-12-13,53.9875
2024-12-16,53.9775
2024-12-17,53.8975
2024-12-18,53.9875
2024-12-19,55.4975
2024-12-20,56.625
2024-12-23,56.76
2024-12-24,56.538
2024-12-25,56.538
2024-12-26,56.538
2024-12-27,56.4
2024-12-30,56.555
2024-12-31,57.553
2025-01-01,57.553
2025-01-02,56.935
2025-01-03,56.5425
2025-01-06,55.77
2025-01-07,55.8225
2025-01-08,54.9665
2025-01-09,56.1725
2025-01-10,57.21
2025-01-13,58.2925
2025-01-14,58.4575
2025-01-15,57.23
2025-01-16,56.365
2025-01-17,55.4975
2025-01-20,54.9375
2025-01-21,54.5325
2025-01-22,53.9525
2025-01-23,53.9125
2025-01-24,53.58
2025-01-27,54.0395
2025-01-28,53.9575
2025-01-29,53.7925
2025-01-30,53.395
2025-01-31,51.108
2025-02-03,53.73
2025-02-04,54.2675
2025-02-05,53.73
2025-02-06,53.3025
2025-02-07,53.87
2025-02-10,53.3025
2025-02-11,53.1125
2025-02-12,52.9775
2025-02-13,52.3025
2025-02-14,51.713
2025-02-17,51.225
2025-02-18,51.115
2025-02-19,51.435
2025-02-20,51.845
2025-02-21,52.05
2025-02-24,52.4625
2025-02-25,52.7925
2025-02-26,52.3325
2025-02-27,52.79
2025-02-28,51.3125
2025-03-03,52.28
2025-03-04,53.515
2025-03-05,53.5725
2025-03-06,53.9725
2025-03-07,54.485
2025-03-10,55.4325
2025-03-11,56.465
2025-03-12,56.4225
2025-03-13,57.71
2025-03-14,57.4175
2025-03-17,56.835
2025-03-18,56.295
2025-03-19,55.775
2025-03-20,57.265
2025-03-21,59.6025
2025-03-24,59.3375
2025-03-25,59.8125
2025-03-26,58.385
2025-03-27,59.895
2025-03-28,61.96
2025-03-31,63.0625
2025-04-01,63.44
2025-04-02,63.3875
2025-04-03,65.925
2025-04-04,72.5625
2025-04-07,78.7925
2025-04-08,78.8375
2025-04-09,81.4725
2025-04-10,81.25
2025-04-11,77.453
2025-04-14,75.0475
2025-04-15,69.9695
2025-04-16,71.53
2025-04-17,71.76
2025-04-18,71.679
2025-04-21,71.679
2025-04-22,71.286
2025-04-23,69.975
2025-04-24,67.795
2025-04-25,66.28
2025-04-28,66.1275
2025-04-29,68.625
2025-04-30,67.425
2025-05-01,67.495
2025-05-02,63.452
2025-05-05,64.75
2025-05-06,64.069
2025-05-07,63.9275
2025-05-08,62.8025
2025-05-09,61.3475
2025-05-12,59.8075
2025-05-13,56.695
2025-05-14,56.195
2025-05-15,56.815
2025-05-16,57.2055
2025-05-19,57.1525
2025-05-20,56.75
2025-05-21,56.86
2025-05-22,57.63
2025-05-23,59.6625
2025-05-26,60.865
2025-05-27,57.675
2025-05-28,57.7475
2025-05-29,57.74
2025-05-30,57.73
2025-06-02,57.775
2025-06-03,55.3205
2025-06-04,56.775
2025-06-05,56.5875
2025-06-06,55.875
2025-06-09,57.6165
2025-06-10,55.415
2025-06-11,55.0375
2025-06-12,55.4925
2025-06-13,56.9625
2025-06-16,56.7475
2025-06-17,56.8825
2025-06-18,58.025
2025-06-19,60.0005
2025-06-20,60.39
2025-06-23,59.5275
2025-06-24,56.1665
2025-06-25,56.315
2025-06-26,56.275
2025-06-27,55.3525
2025-06-30,54.58
2025-07-01,54.345
2025-07-02,54.215
2025-07-03,53.705
2025-07-04,53.85
2025-07-07,54.535
2025-07-08,53.915
2025-07-09,53.7175
2025-07-10,53.275
2025-07-11,53.8575
2025-07-14,54.4225
2025-07-15,54.9075
2025-07-16,55.3425
2025-07-17,54.795
2025-07-18,54.0625
2025-07-21,53.925
2025-07-22,54.0585
2025-07-23,53.8775
2025-07-24,53.025
2025-07-25,52.9625
2025-07-28,52.9425
2025-07-29,52.642
2025-07-30,52.7525
2025-07-31,53.1575
2025-08-01,54.85
2025-08-04,55.9115
2025-08-05,55.645
2025-08-06,55.355
2025-08-07,54.745
2025-08-08,53.7275
2025-08-11,53.3575
2025-08-12,52.9325
2025-08-13,52.0625
2025-08-14,51.71
2025-08-15,49.8845
2025-08-18,51.52
2025-08-19,51.535
2025-08-20,51.77
2025-08-21,52.7325
2025-08-22,52.15
2025-08-25,51.501
2025-08-26,52.9365
2025-08-27,54.015
2025-08-28,54.575
2025-08-29,54.9
2025-09-01,55.41
2025-09-02,56.1175
2025-09-03,55.2425
2025-09-04,54.54
2025-09-05,53.8575
2025-09-08,53.6325
2025-09-09,53.175
2025-09-10,52.7405
2025-09-11,53.413
2025-09-12,52.678
2025-09-15,50.435
2025-09-16,52.318
2025-09-17,50.835
2025-09-18,50.38
2025-09-19,50.11
2025-09-22,53.19
2025-09-23,55.65
2025-09-24,55.75
2025-09-25,56.4925
2025-09-26,56.5925
2025-09-29,56.21
2025-09-30,55.8825
2025-10-01,55.6775
2025-10-02,55.01
2025-10-03,54.8675
2025-10-06,55.365
2025-10-07,55.93
2025-10-08,56.2
2025-10-09,56.4775
2025-10-10,57.99
2025-10-13,58.6325
2025-10-14,58.0145
2025-10-15,56.73
2025-10-16,56.7875
2025-10-17,57.375
2025-10-20,56.84
2025-10-21,55.7255
2025-10-22,55.825
2025-10-23,55.7225
2025-10-24,55.2525
2025-10-27,53.875
2025-10-28,53.1
2025-10-29,53.1625
2025-10-30,53.5725
2025-10-31,54.325
2025-11-03,54.875
2025-11-04,55.09
2025-11-05,55.0775
2025-11-06,55.155
2025-11-07,56.1825
2025-11-10,55.4925
2025-11-11,54.28
2025-11-12,54.0275
2025-11-13,54.6525
2025-11-14,54.9125
2025-11-17,55.2455
2025-11-18,56.16
2025-11-19,56.4825
2025-11-20,55.815
2025-11-21,55.5475
2025-11-24,55.3125
2025-11-25,54.34
2025-11-26,53.7525
2025-11-27,53.37
2025-11-28,52.975
2025-12-01,52.8375
2025-12-02,52.5825
2025-12-03,52.4775
2025-12-04,52.605
2025-12-05,52.4975
2025-12-08,52.7675
2025-12-09,52.9375
2025-12-10,52.5995
2025-12-11,51.201
2025-12-12,51.3275
2025-12-15,51.5925
2025-12-16,53.4435
2025-12-17,51.99
2025-12-18,51.5625
2025-12-19,51.0425
2025-12-22,50.9
2025-12-23,50.8375
2025-12-24,50.863
2025-12-25,50.863
2025-12-26,50.8215
2025-12-29,50.898
2025-12-30,50.7935
2025-12-31,50.529
